external_id,author,content,url,posted_at,source,likes,retweets,replies,keywords
PrecioBTC_0_1770582692.15096,PrecioBTC,ðŸ“Š Airdrop season coming! Make sure you're eligible for the big ones,https://twitter.com/PrecioBTC/status/1000000,2026-01-09T21:31:32.148589,mock,400,179,18,"crypto,web3,token"
PrecioBTC_1_1770582692.150978,PrecioBTC,ðŸš€ Web3 development is exploding right now. Building in this space is incredible,https://twitter.com/PrecioBTC/status/1000001,2026-01-09T23:31:32.148589,mock,61,153,45,"crypto,web3,token"
PrecioBTC_2_1770582692.150984,PrecioBTC,ðŸ’° Just caught a nice arbitrage on Polymarket. Markets never sleep! #Trading,https://twitter.com/PrecioBTC/status/1000002,2026-01-10T01:31:32.148589,mock,455,85,34,"crypto,web3,token"
PrecioBTC_3_1770582692.150989,PrecioBTC,ðŸ“Š Airdrop season coming! Make sure you're eligible for the big ones,https://twitter.com/PrecioBTC/status/1000003,2026-01-10T03:31:32.148589,mock,112,59,38,"crypto,web3,token"
PrecioBTC_4_1770582692.150994,PrecioBTC,ðŸš€ Web3 development is exploding right now. Building in this space is incredible,https://twitter.com/PrecioBTC/status/1000004,2026-01-10T05:31:32.148589,mock,212,151,21,"crypto,web3,token"
PrecioBTC_5_1770582692.150998,PrecioBTC,ðŸ’° Just caught a nice arbitrage on Polymarket. Markets never sleep! #Trading,https://twitter.com/PrecioBTC/status/1000005,2026-01-10T07:31:32.148589,mock,242,76,38,"crypto,web3,token"
PrecioBTC_6_1770582692.151003,PrecioBTC,ðŸ“Š Airdrop season coming! Make sure you're eligible for the big ones,https://twitter.com/PrecioBTC/status/1000006,2026-01-10T09:31:32.148589,mock,233,174,23,"crypto,web3,token"
PrecioBTC_7_1770582692.151007,PrecioBTC,ðŸš€ Web3 development is exploding right now. Building in this space is incredible,https://twitter.com/PrecioBTC/status/1000007,2026-01-10T11:31:32.148589,mock,478,126,32,"crypto,web3,token"
PrecioBTC_8_1770582692.151011,PrecioBTC,ðŸ’° Just caught a nice arbitrage on Polymarket. Markets never sleep! #Trading,https://twitter.com/PrecioBTC/status/1000008,2026-01-10T13:31:32.148589,mock,498,95,4,"crypto,web3,token"
PrecioBTC_9_1770582692.151016,PrecioBTC,ðŸ“Š Airdrop season coming! Make sure you're eligible for the big ones,https://twitter.com/PrecioBTC/status/1000009,2026-01-10T15:31:32.148589,mock,272,69,14,"crypto,web3,token"
PrecioBTC_10_1770582692.15102,PrecioBTC,ðŸš€ Web3 development is exploding right now. Building in this space is incredible,https://twitter.com/PrecioBTC/status/1000010,2026-01-10T17:31:32.148589,mock,389,85,16,"crypto,web3,token"
PrecioBTC_11_1770582692.151024,PrecioBTC,ðŸ’° Just caught a nice arbitrage on Polymarket. Markets never sleep! #Trading,https://twitter.com/PrecioBTC/status/1000011,2026-01-10T19:31:32.148589,mock,173,194,3,"crypto,web3,token"
PrecioBTC_12_1770582692.151028,PrecioBTC,ðŸ“Š Airdrop season coming! Make sure you're eligible for the big ones,https://twitter.com/PrecioBTC/status/1000012,2026-01-10T21:31:32.148589,mock,318,94,31,"crypto,web3,token"
PrecioBTC_13_1770582692.151032,PrecioBTC,ðŸš€ Web3 development is exploding right now. Building in this space is incredible,https://twitter.com/PrecioBTC/status/1000013,2026-01-10T23:31:32.148589,mock,476,70,39,"crypto,web3,token"
PrecioBTC_14_1770582692.151037,PrecioBTC,ðŸ’° Just caught a nice arbitrage on Polymarket. Markets never sleep! #Trading,https://twitter.com/PrecioBTC/status/1000014,2026-01-11T01:31:32.148589,mock,258,88,13,"crypto,web3,token"
PrecioBTC_15_1770582692.151041,PrecioBTC,ðŸ“Š Airdrop season coming! Make sure you're eligible for the big ones,https://twitter.com/PrecioBTC/status/1000015,2026-01-11T03:31:32.148589,mock,488,121,8,"crypto,web3,token"
PrecioBTC_16_1770582692.151046,PrecioBTC,ðŸš€ Web3 development is exploding right now. Building in this space is incredible,https://twitter.com/PrecioBTC/status/1000016,2026-01-11T05:31:32.148589,mock,316,90,41,"crypto,web3,token"
PrecioBTC_17_1770582692.15105,PrecioBTC,ðŸ’° Just caught a nice arbitrage on Polymarket. Markets never sleep! #Trading,https://twitter.com/PrecioBTC/status/1000017,2026-01-11T07:31:32.148589,mock,403,141,25,"crypto,web3,token"
PrecioBTC_18_1770582692.151054,PrecioBTC,ðŸ“Š Airdrop season coming! Make sure you're eligible for the big ones,https://twitter.com/PrecioBTC/status/1000018,2026-01-11T09:31:32.148589,mock,423,72,13,"crypto,web3,token"
PrecioBTC_19_1770582692.151058,PrecioBTC,ðŸš€ Web3 development is exploding right now. Building in this space is incredible,https://twitter.com/PrecioBTC/status/1000019,2026-01-11T11:31:32.148589,mock,197,175,28,"crypto,web3,token"
oih_ana_0_1770582692.151063,oih_ana,ðŸ“Š Airdrop season coming! Make sure you're eligible for the big ones,https://twitter.com/oih_ana/status/1000000,2026-01-09T21:31:32.148589,mock,496,19,7,"trading,long,short"
oih_ana_1_1770582692.151067,oih_ana,ðŸš€ Web3 development is exploding right now. Building in this space is incredible,https://twitter.com/oih_ana/status/1000001,2026-01-09T23:31:32.148589,mock,236,100,50,"trading,long,short"
oih_ana_2_1770582692.151072,oih_ana,ðŸ’° Just caught a nice arbitrage on Polymarket. Markets never sleep! #Trading,https://twitter.com/oih_ana/status/1000002,2026-01-10T01:31:32.148589,mock,331,121,2,"trading,long,short"
oih_ana_3_1770582692.151076,oih_ana,ðŸ“Š Airdrop season coming! Make sure you're eligible for the big ones,https://twitter.com/oih_ana/status/1000003,2026-01-10T03:31:32.148589,mock,391,139,17,"trading,long,short"
oih_ana_4_1770582692.15108,oih_ana,ðŸš€ Web3 development is exploding right now. Building in this space is incredible,https://twitter.com/oih_ana/status/1000004,2026-01-10T05:31:32.148589,mock,232,111,23,"trading,long,short"
oih_ana_5_1770582692.151084,oih_ana,ðŸ’° Just caught a nice arbitrage on Polymarket. Markets never sleep! #Trading,https://twitter.com/oih_ana/status/1000005,2026-01-10T07:31:32.148589,mock,280,26,26,"trading,long,short"
oih_ana_6_1770582692.151088,oih_ana,ðŸ“Š Airdrop season coming! Make sure you're eligible for the big ones,https://twitter.com/oih_ana/status/1000006,2026-01-10T09:31:32.148589,mock,300,20,40,"trading,long,short"
oih_ana_7_1770582692.151093,oih_ana,ðŸš€ Web3 development is exploding right now. Building in this space is incredible,https://twitter.com/oih_ana/status/1000007,2026-01-10T11:31:32.148589,mock,304,8,25,"trading,long,short"
oih_ana_8_1770582692.151097,oih_ana,ðŸ’° Just caught a nice arbitrage on Polymarket. Markets never sleep! #Trading,https://twitter.com/oih_ana/status/1000008,2026-01-10T13:31:32.148589,mock,304,101,9,"trading,long,short"
oih_ana_9_1770582692.151101,oih_ana,ðŸ“Š Airdrop season coming! Make sure you're eligible for the big ones,https://twitter.com/oih_ana/status/1000009,2026-01-10T15:31:32.148589,mock,179,11,23,"trading,long,short"
oih_ana_10_1770582692.151105,oih_ana,ðŸš€ Web3 development is exploding right now. Building in this space is incredible,https://twitter.com/oih_ana/status/1000010,2026-01-10T17:31:32.148589,mock,142,36,30,"trading,long,short"
oih_ana_11_1770582692.151109,oih_ana,ðŸ’° Just caught a nice arbitrage on Polymarket. Markets never sleep! #Trading,https://twitter.com/oih_ana/status/1000011,2026-01-10T19:31:32.148589,mock,74,175,13,"trading,long,short"
oih_ana_12_1770582692.151113,oih_ana,ðŸ“Š Airdrop season coming! Make sure you're eligible for the big ones,https://twitter.com/oih_ana/status/1000012,2026-01-10T21:31:32.148589,mock,341,153,23,"trading,long,short"
oih_ana_13_1770582692.151117,oih_ana,ðŸš€ Web3 development is exploding right now. Building in this space is incredible,https://twitter.com/oih_ana/status/1000013,2026-01-10T23:31:32.148589,mock,290,112,44,"trading,long,short"
oih_ana_14_1770582692.151121,oih_ana,ðŸ’° Just caught a nice arbitrage on Polymarket. Markets never sleep! #Trading,https://twitter.com/oih_ana/status/1000014,2026-01-11T01:31:32.148589,mock,372,15,48,"trading,long,short"
oih_ana_15_1770582692.151125,oih_ana,ðŸ“Š Airdrop season coming! Make sure you're eligible for the big ones,https://twitter.com/oih_ana/status/1000015,2026-01-11T03:31:32.148589,mock,253,198,7,"trading,long,short"
oih_ana_16_1770582692.151129,oih_ana,ðŸš€ Web3 development is exploding right now. Building in this space is incredible,https://twitter.com/oih_ana/status/1000016,2026-01-11T05:31:32.148589,mock,349,198,15,"trading,long,short"
oih_ana_17_1770582692.151133,oih_ana,ðŸ’° Just caught a nice arbitrage on Polymarket. Markets never sleep! #Trading,https://twitter.com/oih_ana/status/1000017,2026-01-11T07:31:32.148589,mock,43,33,30,"trading,long,short"
oih_ana_18_1770582692.151137,oih_ana,ðŸ“Š Airdrop season coming! Make sure you're eligible for the big ones,https://twitter.com/oih_ana/status/1000018,2026-01-11T09:31:32.148589,mock,301,67,39,"trading,long,short"
oih_ana_19_1770582692.151141,oih_ana,ðŸš€ Web3 development is exploding right now. Building in this space is incredible,https://twitter.com/oih_ana/status/1000019,2026-01-11T11:31:32.148589,mock,398,154,3,"trading,long,short"
chakipu_0_1770582692.151146,chakipu,ðŸ“Š Airdrop season coming! Make sure you're eligible for the big ones,https://twitter.com/chakipu/status/1000000,2026-01-09T21:31:32.148589,mock,38,146,15,"crypto,web3,token"
chakipu_1_1770582692.15115,chakipu,ðŸš€ Web3 development is exploding right now. Building in this space is incredible,https://twitter.com/chakipu/status/1000001,2026-01-09T23:31:32.148589,mock,490,30,35,"crypto,web3,token"
chakipu_2_1770582692.151154,chakipu,ðŸ’° Just caught a nice arbitrage on Polymarket. Markets never sleep! #Trading,https://twitter.com/chakipu/status/1000002,2026-01-10T01:31:32.148589,mock,63,168,24,"crypto,web3,token"
chakipu_3_1770582692.151158,chakipu,ðŸ“Š Airdrop season coming! Make sure you're eligible for the big ones,https://twitter.com/chakipu/status/1000003,2026-01-10T03:31:32.148589,mock,205,47,30,"crypto,web3,token"
chakipu_4_1770582692.151162,chakipu,ðŸš€ Web3 development is exploding right now. Building in this space is incredible,https://twitter.com/chakipu/status/1000004,2026-01-10T05:31:32.148589,mock,190,38,48,"crypto,web3,token"
chakipu_5_1770582692.151166,chakipu,ðŸ’° Just caught a nice arbitrage on Polymarket. Markets never sleep! #Trading,https://twitter.com/chakipu/status/1000005,2026-01-10T07:31:32.148589,mock,30,121,18,"crypto,web3,token"
chakipu_6_1770582692.15117,chakipu,ðŸ“Š Airdrop season coming! Make sure you're eligible for the big ones,https://twitter.com/chakipu/status/1000006,2026-01-10T09:31:32.148589,mock,388,71,25,"crypto,web3,token"
chakipu_7_1770582692.151174,chakipu,ðŸš€ Web3 development is exploding right now. Building in this space is incredible,https://twitter.com/chakipu/status/1000007,2026-01-10T11:31:32.148589,mock,254,48,30,"crypto,web3,token"
chakipu_8_1770582692.151179,chakipu,ðŸ’° Just caught a nice arbitrage on Polymarket. Markets never sleep! #Trading,https://twitter.com/chakipu/status/1000008,2026-01-10T13:31:32.148589,mock,13,64,42,"crypto,web3,token"
chakipu_9_1770582692.151183,chakipu,ðŸ“Š Airdrop season coming! Make sure you're eligible for the big ones,https://twitter.com/chakipu/status/1000009,2026-01-10T15:31:32.148589,mock,131,198,7,"crypto,web3,token"
chakipu_10_1770582692.151186,chakipu,ðŸš€ Web3 development is exploding right now. Building in this space is incredible,https://twitter.com/chakipu/status/1000010,2026-01-10T17:31:32.148589,mock,115,96,7,"crypto,web3,token"
chakipu_11_1770582692.151191,chakipu,ðŸ’° Just caught a nice arbitrage on Polymarket. Markets never sleep! #Trading,https://twitter.com/chakipu/status/1000011,2026-01-10T19:31:32.148589,mock,453,160,2,"crypto,web3,token"
chakipu_12_1770582692.151195,chakipu,ðŸ“Š Airdrop season coming! Make sure you're eligible for the big ones,https://twitter.com/chakipu/status/1000012,2026-01-10T21:31:32.148589,mock,456,104,28,"crypto,web3,token"
chakipu_13_1770582692.151199,chakipu,ðŸš€ Web3 development is exploding right now. Building in this space is incredible,https://twitter.com/chakipu/status/1000013,2026-01-10T23:31:32.148589,mock,183,89,34,"crypto,web3,token"
chakipu_14_1770582692.151203,chakipu,ðŸ’° Just caught a nice arbitrage on Polymarket. Markets never sleep! #Trading,https://twitter.com/chakipu/status/1000014,2026-01-11T01:31:32.148589,mock,244,195,10,"crypto,web3,token"
chakipu_15_1770582692.151207,chakipu,ðŸ“Š Airdrop season coming! Make sure you're eligible for the big ones,https://twitter.com/chakipu/status/1000015,2026-01-11T03:31:32.148589,mock,329,141,16,"crypto,web3,token"
chakipu_16_1770582692.151211,chakipu,ðŸš€ Web3 development is exploding right now. Building in this space is incredible,https://twitter.com/chakipu/status/1000016,2026-01-11T05:31:32.148589,mock,414,193,46,"crypto,web3,token"
chakipu_17_1770582692.151215,chakipu,ðŸ’° Just caught a nice arbitrage on Polymarket. Markets never sleep! #Trading,https://twitter.com/chakipu/status/1000017,2026-01-11T07:31:32.148589,mock,393,81,20,"crypto,web3,token"
chakipu_18_1770582692.151219,chakipu,ðŸ“Š Airdrop season coming! Make sure you're eligible for the big ones,https://twitter.com/chakipu/status/1000018,2026-01-11T09:31:32.148589,mock,351,191,16,"crypto,web3,token"
chakipu_19_1770582692.151223,chakipu,ðŸš€ Web3 development is exploding right now. Building in this space is incredible,https://twitter.com/chakipu/status/1000019,2026-01-11T11:31:32.148589,mock,178,65,17,"crypto,web3,token"
PowellKarenn_0_1770582692.151227,PowellKarenn,ðŸ“Š Airdrop season coming! Make sure you're eligible for the big ones,https://twitter.com/PowellKarenn/status/1000000,2026-01-09T21:31:32.148589,mock,456,143,47,"crypto,web3,token"
PowellKarenn_1_1770582692.151231,PowellKarenn,ðŸš€ Web3 development is exploding right now. Building in this space is incredible,https://twitter.com/PowellKarenn/status/1000001,2026-01-09T23:31:32.148589,mock,320,165,8,"crypto,web3,token"
PowellKarenn_2_1770582692.151235,PowellKarenn,ðŸ’° Just caught a nice arbitrage on Polymarket. Markets never sleep! #Trading,https://twitter.com/PowellKarenn/status/1000002,2026-01-10T01:31:32.148589,mock,470,49,42,"crypto,web3,token"
PowellKarenn_3_1770582692.151239,PowellKarenn,ðŸ“Š Airdrop season coming! Make sure you're eligible for the big ones,https://twitter.com/PowellKarenn/status/1000003,2026-01-10T03:31:32.148589,mock,263,168,8,"crypto,web3,token"
PowellKarenn_4_1770582692.151243,PowellKarenn,ðŸš€ Web3 development is exploding right now. Building in this space is incredible,https://twitter.com/PowellKarenn/status/1000004,2026-01-10T05:31:32.148589,mock,330,144,22,"crypto,web3,token"
PowellKarenn_5_1770582692.151247,PowellKarenn,ðŸ’° Just caught a nice arbitrage on Polymarket. Markets never sleep! #Trading,https://twitter.com/PowellKarenn/status/1000005,2026-01-10T07:31:32.148589,mock,196,90,48,"crypto,web3,token"
PowellKarenn_6_1770582692.151251,PowellKarenn,ðŸ“Š Airdrop season coming! Make sure you're eligible for the big ones,https://twitter.com/PowellKarenn/status/1000006,2026-01-10T09:31:32.148589,mock,10,58,13,"crypto,web3,token"
PowellKarenn_7_1770582692.151255,PowellKarenn,ðŸš€ Web3 development is exploding right now. Building in this space is incredible,https://twitter.com/PowellKarenn/status/1000007,2026-01-10T11:31:32.148589,mock,457,5,22,"crypto,web3,token"
PowellKarenn_8_1770582692.151259,PowellKarenn,ðŸ’° Just caught a nice arbitrage on Polymarket. Markets never sleep! #Trading,https://twitter.com/PowellKarenn/status/1000008,2026-01-10T13:31:32.148589,mock,387,187,14,"crypto,web3,token"
PowellKarenn_9_1770582692.151263,PowellKarenn,ðŸ“Š Airdrop season coming! Make sure you're eligible for the big ones,https://twitter.com/PowellKarenn/status/1000009,2026-01-10T15:31:32.148589,mock,361,77,16,"crypto,web3,token"
PowellKarenn_10_1770582692.151267,PowellKarenn,ðŸš€ Web3 development is exploding right now. Building in this space is incredible,https://twitter.com/PowellKarenn/status/1000010,2026-01-10T17:31:32.148589,mock,292,9,50,"crypto,web3,token"
PowellKarenn_11_1770582692.151271,PowellKarenn,ðŸ’° Just caught a nice arbitrage on Polymarket. Markets never sleep! #Trading,https://twitter.com/PowellKarenn/status/1000011,2026-01-10T19:31:32.148589,mock,426,13,6,"crypto,web3,token"
PowellKarenn_12_1770582692.151275,PowellKarenn,ðŸ“Š Airdrop season coming! Make sure you're eligible for the big ones,https://twitter.com/PowellKarenn/status/1000012,2026-01-10T21:31:32.148589,mock,12,56,11,"crypto,web3,token"
PowellKarenn_13_1770582692.151279,PowellKarenn,ðŸš€ Web3 development is exploding right now. Building in this space is incredible,https://twitter.com/PowellKarenn/status/1000013,2026-01-10T23:31:32.148589,mock,34,143,46,"crypto,web3,token"
PowellKarenn_14_1770582692.151283,PowellKarenn,ðŸ’° Just caught a nice arbitrage on Polymarket. Markets never sleep! #Trading,https://twitter.com/PowellKarenn/status/1000014,2026-01-11T01:31:32.148589,mock,482,95,25,"crypto,web3,token"
PowellKarenn_15_1770582692.151287,PowellKarenn,ðŸ“Š Airdrop season coming! Make sure you're eligible for the big ones,https://twitter.com/PowellKarenn/status/1000015,2026-01-11T03:31:32.148589,mock,385,113,32,"crypto,web3,token"
PowellKarenn_16_1770582692.151291,PowellKarenn,ðŸš€ Web3 development is exploding right now. Building in this space is incredible,https://twitter.com/PowellKarenn/status/1000016,2026-01-11T05:31:32.148589,mock,30,80,10,"crypto,web3,token"
PowellKarenn_17_1770582692.151296,PowellKarenn,ðŸ’° Just caught a nice arbitrage on Polymarket. Markets never sleep! #Trading,https://twitter.com/PowellKarenn/status/1000017,2026-01-11T07:31:32.148589,mock,231,67,43,"crypto,web3,token"
PowellKarenn_18_1770582692.1513,PowellKarenn,ðŸ“Š Airdrop season coming! Make sure you're eligible for the big ones,https://twitter.com/PowellKarenn/status/1000018,2026-01-11T09:31:32.148589,mock,369,111,2,"crypto,web3,token"
PowellKarenn_19_1770582692.151304,PowellKarenn,ðŸš€ Web3 development is exploding right now. Building in this space is incredible,https://twitter.com/PowellKarenn/status/1000019,2026-01-11T11:31:32.148589,mock,261,53,38,"crypto,web3,token"
JBM56596041_0_1770582692.151311,JBM56596041,ðŸ“Š Airdrop season coming! Make sure you're eligible for the big ones,https://twitter.com/JBM56596041/status/1000000,2026-01-09T21:31:32.148589,mock,64,74,41,"crypto,web3,token"
JBM56596041_1_1770582692.151315,JBM56596041,ðŸš€ Web3 development is exploding right now. Building in this space is incredible,https://twitter.com/JBM56596041/status/1000001,2026-01-09T23:31:32.148589,mock,423,161,21,"crypto,web3,token"
JBM56596041_2_1770582692.151319,JBM56596041,ðŸ’° Just caught a nice arbitrage on Polymarket. Markets never sleep! #Trading,https://twitter.com/JBM56596041/status/1000002,2026-01-10T01:31:32.148589,mock,63,152,21,"crypto,web3,token"
JBM56596041_3_1770582692.151323,JBM56596041,ðŸ“Š Airdrop season coming! Make sure you're eligible for the big ones,https://twitter.com/JBM56596041/status/1000003,2026-01-10T03:31:32.148589,mock,441,129,27,"crypto,web3,token"
JBM56596041_4_1770582692.151327,JBM56596041,ðŸš€ Web3 development is exploding right now. Building in this space is incredible,https://twitter.com/JBM56596041/status/1000004,2026-01-10T05:31:32.148589,mock,351,82,46,"crypto,web3,token"
JBM56596041_5_1770582692.151331,JBM56596041,ðŸ’° Just caught a nice arbitrage on Polymarket. Markets never sleep! #Trading,https://twitter.com/JBM56596041/status/1000005,2026-01-10T07:31:32.148589,mock,52,66,49,"crypto,web3,token"
JBM56596041_6_1770582692.151335,JBM56596041,ðŸ“Š Airdrop season coming! Make sure you're eligible for the big ones,https://twitter.com/JBM56596041/status/1000006,2026-01-10T09:31:32.148589,mock,24,115,39,"crypto,web3,token"
JBM56596041_7_1770582692.151339,JBM56596041,ðŸš€ Web3 development is exploding right now. Building in this space is incredible,https://twitter.com/JBM56596041/status/1000007,2026-01-10T11:31:32.148589,mock,72,51,33,"crypto,web3,token"
JBM56596041_8_1770582692.151342,JBM56596041,ðŸ’° Just caught a nice arbitrage on Polymarket. Markets never sleep! #Trading,https://twitter.com/JBM56596041/status/1000008,2026-01-10T13:31:32.148589,mock,274,125,9,"crypto,web3,token"
JBM56596041_9_1770582692.151346,JBM56596041,ðŸ“Š Airdrop season coming! Make sure you're eligible for the big ones,https://twitter.com/JBM56596041/status/1000009,2026-01-10T15:31:32.148589,mock,329,14,12,"crypto,web3,token"
JBM56596041_10_1770582692.15135,JBM56596041,ðŸš€ Web3 development is exploding right now. Building in this space is incredible,https://twitter.com/JBM56596041/status/1000010,2026-01-10T17:31:32.148589,mock,175,171,23,"crypto,web3,token"
JBM56596041_11_1770582692.151355,JBM56596041,ðŸ’° Just caught a nice arbitrage on Polymarket. Markets never sleep! #Trading,https://twitter.com/JBM56596041/status/1000011,2026-01-10T19:31:32.148589,mock,250,179,24,"crypto,web3,token"
JBM56596041_12_1770582692.151359,JBM56596041,ðŸ“Š Airdrop season coming! Make sure you're eligible for the big ones,https://twitter.com/JBM56596041/status/1000012,2026-01-10T21:31:32.148589,mock,150,11,42,"crypto,web3,token"
JBM56596041_13_1770582692.151363,JBM56596041,ðŸš€ Web3 development is exploding right now. Building in this space is incredible,https://twitter.com/JBM56596041/status/1000013,2026-01-10T23:31:32.148589,mock,213,49,39,"crypto,web3,token"
JBM56596041_14_1770582692.151367,JBM56596041,ðŸ’° Just caught a nice arbitrage on Polymarket. Markets never sleep! #Trading,https://twitter.com/JBM56596041/status/1000014,2026-01-11T01:31:32.148589,mock,62,199,5,"crypto,web3,token"
JBM56596041_15_1770582692.151371,JBM56596041,ðŸ“Š Airdrop season coming! Make sure you're eligible for the big ones,https://twitter.com/JBM56596041/status/1000015,2026-01-11T03:31:32.148589,mock,180,47,34,"crypto,web3,token"
JBM56596041_16_1770582692.151375,JBM56596041,ðŸš€ Web3 development is exploding right now. Building in this space is incredible,https://twitter.com/JBM56596041/status/1000016,2026-01-11T05:31:32.148589,mock,174,169,40,"crypto,web3,token"
JBM56596041_17_1770582692.151379,JBM56596041,ðŸ’° Just caught a nice arbitrage on Polymarket. Markets never sleep! #Trading,https://twitter.com/JBM56596041/status/1000017,2026-01-11T07:31:32.148589,mock,410,140,36,"crypto,web3,token"
JBM56596041_18_1770582692.151383,JBM56596041,ðŸ“Š Airdrop season coming! Make sure you're eligible for the big ones,https://twitter.com/JBM56596041/status/1000018,2026-01-11T09:31:32.148589,mock,428,67,42,"crypto,web3,token"
JBM56596041_19_1770582692.151387,JBM56596041,ðŸš€ Web3 development is exploding right now. Building in this space is incredible,https://twitter.com/JBM56596041/status/1000019,2026-01-11T11:31:32.148589,mock,62,116,12,"crypto,web3,token"
CcoolCryptoBZH_0_1770582692.151391,CcoolCryptoBZH,ðŸ“Š Airdrop season coming! Make sure you're eligible for the big ones,https://twitter.com/CcoolCryptoBZH/status/1000000,2026-01-09T21:31:32.148589,mock,76,113,46,"crypto,web3,token"
CcoolCryptoBZH_1_1770582692.151395,CcoolCryptoBZH,ðŸš€ Web3 development is exploding right now. Building in this space is incredible,https://twitter.com/CcoolCryptoBZH/status/1000001,2026-01-09T23:31:32.148589,mock,356,78,26,"crypto,web3,token"
CcoolCryptoBZH_2_1770582692.151399,CcoolCryptoBZH,ðŸ’° Just caught a nice arbitrage on Polymarket. Markets never sleep! #Trading,https://twitter.com/CcoolCryptoBZH/status/1000002,2026-01-10T01:31:32.148589,mock,377,154,13,"crypto,web3,token"
CcoolCryptoBZH_3_1770582692.151403,CcoolCryptoBZH,ðŸ“Š Airdrop season coming! Make sure you're eligible for the big ones,https://twitter.com/CcoolCryptoBZH/status/1000003,2026-01-10T03:31:32.148589,mock,220,175,6,"crypto,web3,token"
CcoolCryptoBZH_4_1770582692.151407,CcoolCryptoBZH,ðŸš€ Web3 development is exploding right now. Building in this space is incredible,https://twitter.com/CcoolCryptoBZH/status/1000004,2026-01-10T05:31:32.148589,mock,357,96,37,"crypto,web3,token"
CcoolCryptoBZH_5_1770582692.151411,CcoolCryptoBZH,ðŸ’° Just caught a nice arbitrage on Polymarket. Markets never sleep! #Trading,https://twitter.com/CcoolCryptoBZH/status/1000005,2026-01-10T07:31:32.148589,mock,133,73,43,"crypto,web3,token"
CcoolCryptoBZH_6_1770582692.151416,CcoolCryptoBZH,ðŸ“Š Airdrop season coming! Make sure you're eligible for the big ones,https://twitter.com/CcoolCryptoBZH/status/1000006,2026-01-10T09:31:32.148589,mock,238,200,15,"crypto,web3,token"
CcoolCryptoBZH_7_1770582692.151421,CcoolCryptoBZH,ðŸš€ Web3 development is exploding right now. Building in this space is incredible,https://twitter.com/CcoolCryptoBZH/status/1000007,2026-01-10T11:31:32.148589,mock,48,33,29,"crypto,web3,token"
CcoolCryptoBZH_8_1770582692.151424,CcoolCryptoBZH,ðŸ’° Just caught a nice arbitrage on Polymarket. Markets never sleep! #Trading,https://twitter.com/CcoolCryptoBZH/status/1000008,2026-01-10T13:31:32.148589,mock,450,135,50,"crypto,web3,token"
CcoolCryptoBZH_9_1770582692.151429,CcoolCryptoBZH,ðŸ“Š Airdrop season coming! Make sure you're eligible for the big ones,https://twitter.com/CcoolCryptoBZH/status/1000009,2026-01-10T15:31:32.148589,mock,149,114,33,"crypto,web3,token"
CcoolCryptoBZH_10_1770582692.151433,CcoolCryptoBZH,ðŸš€ Web3 development is exploding right now. Building in this space is incredible,https://twitter.com/CcoolCryptoBZH/status/1000010,2026-01-10T17:31:32.148589,mock,324,174,7,"crypto,web3,token"
CcoolCryptoBZH_11_1770582692.151437,CcoolCryptoBZH,ðŸ’° Just caught a nice arbitrage on Polymarket. Markets never sleep! #Trading,https://twitter.com/CcoolCryptoBZH/status/1000011,2026-01-10T19:31:32.148589,mock,305,127,42,"crypto,web3,token"
CcoolCryptoBZH_12_1770582692.151441,CcoolCryptoBZH,ðŸ“Š Airdrop season coming! Make sure you're eligible for the big ones,https://twitter.com/CcoolCryptoBZH/status/1000012,2026-01-10T21:31:32.148589,mock,106,160,15,"crypto,web3,token"
CcoolCryptoBZH_13_1770582692.151445,CcoolCryptoBZH,ðŸš€ Web3 development is exploding right now. Building in this space is incredible,https://twitter.com/CcoolCryptoBZH/status/1000013,2026-01-10T23:31:32.148589,mock,40,51,31,"crypto,web3,token"
CcoolCryptoBZH_14_1770582692.151449,CcoolCryptoBZH,ðŸ’° Just caught a nice arbitrage on Polymarket. Markets never sleep! #Trading,https://twitter.com/CcoolCryptoBZH/status/1000014,2026-01-11T01:31:32.148589,mock,489,99,10,"crypto,web3,token"
CcoolCryptoBZH_15_1770582692.151453,CcoolCryptoBZH,ðŸ“Š Airdrop season coming! Make sure you're eligible for the big ones,https://twitter.com/CcoolCryptoBZH/status/1000015,2026-01-11T03:31:32.148589,mock,24,81,30,"crypto,web3,token"
CcoolCryptoBZH_16_1770582692.151457,CcoolCryptoBZH,ðŸš€ Web3 development is exploding right now. Building in this space is incredible,https://twitter.com/CcoolCryptoBZH/status/1000016,2026-01-11T05:31:32.148589,mock,288,153,41,"crypto,web3,token"
CcoolCryptoBZH_17_1770582692.151461,CcoolCryptoBZH,ðŸ’° Just caught a nice arbitrage on Polymarket. Markets never sleep! #Trading,https://twitter.com/CcoolCryptoBZH/status/1000017,2026-01-11T07:31:32.148589,mock,309,36,32,"crypto,web3,token"
CcoolCryptoBZH_18_1770582692.151465,CcoolCryptoBZH,ðŸ“Š Airdrop season coming! Make sure you're eligible for the big ones,https://twitter.com/CcoolCryptoBZH/status/1000018,2026-01-11T09:31:32.148589,mock,491,116,34,"crypto,web3,token"
CcoolCryptoBZH_19_1770582692.151469,CcoolCryptoBZH,ðŸš€ Web3 development is exploding right now. Building in this space is incredible,https://twitter.com/CcoolCryptoBZH/status/1000019,2026-01-11T11:31:32.148589,mock,81,107,28,"crypto,web3,token"
koji_0709__0_1770582692.151473,koji_0709_,ðŸ“Š Airdrop season coming! Make sure you're eligible for the big ones,https://twitter.com/koji_0709_/status/1000000,2026-01-09T21:31:32.148589,mock,436,188,46,"crypto,web3,token"
koji_0709__1_1770582692.151477,koji_0709_,ðŸš€ Web3 development is exploding right now. Building in this space is incredible,https://twitter.com/koji_0709_/status/1000001,2026-01-09T23:31:32.148589,mock,274,74,41,"crypto,web3,token"
koji_0709__2_1770582692.151481,koji_0709_,ðŸ’° Just caught a nice arbitrage on Polymarket. Markets never sleep! #Trading,https://twitter.com/koji_0709_/status/1000002,2026-01-10T01:31:32.148589,mock,74,126,12,"crypto,web3,token"
koji_0709__3_1770582692.151485,koji_0709_,ðŸ“Š Airdrop season coming! Make sure you're eligible for the big ones,https://twitter.com/koji_0709_/status/1000003,2026-01-10T03:31:32.148589,mock,112,56,29,"crypto,web3,token"
koji_0709__4_1770582692.151489,koji_0709_,ðŸš€ Web3 development is exploding right now. Building in this space is incredible,https://twitter.com/koji_0709_/status/1000004,2026-01-10T05:31:32.148589,mock,282,63,42,"crypto,web3,token"
koji_0709__5_1770582692.151493,koji_0709_,ðŸ’° Just caught a nice arbitrage on Polymarket. Markets never sleep! #Trading,https://twitter.com/koji_0709_/status/1000005,2026-01-10T07:31:32.148589,mock,54,169,36,"crypto,web3,token"
koji_0709__6_1770582692.151497,koji_0709_,ðŸ“Š Airdrop season coming! Make sure you're eligible for the big ones,https://twitter.com/koji_0709_/status/1000006,2026-01-10T09:31:32.148589,mock,120,104,27,"crypto,web3,token"
koji_0709__7_1770582692.151501,koji_0709_,ðŸš€ Web3 development is exploding right now. Building in this space is incredible,https://twitter.com/koji_0709_/status/1000007,2026-01-10T11:31:32.148589,mock,284,63,40,"crypto,web3,token"
koji_0709__8_1770582692.151505,koji_0709_,ðŸ’° Just caught a nice arbitrage on Polymarket. Markets never sleep! #Trading,https://twitter.com/koji_0709_/status/1000008,2026-01-10T13:31:32.148589,mock,278,138,35,"crypto,web3,token"
koji_0709__9_1770582692.151509,koji_0709_,ðŸ“Š Airdrop season coming! Make sure you're eligible for the big ones,https://twitter.com/koji_0709_/status/1000009,2026-01-10T15:31:32.148589,mock,457,145,13,"crypto,web3,token"
koji_0709__10_1770582692.151513,koji_0709_,ðŸš€ Web3 development is exploding right now. Building in this space is incredible,https://twitter.com/koji_0709_/status/1000010,2026-01-10T17:31:32.148589,mock,173,156,32,"crypto,web3,token"
koji_0709__11_1770582692.151517,koji_0709_,ðŸ’° Just caught a nice arbitrage on Polymarket. Markets never sleep! #Trading,https://twitter.com/koji_0709_/status/1000011,2026-01-10T19:31:32.148589,mock,192,116,38,"crypto,web3,token"
koji_0709__12_1770582692.151523,koji_0709_,ðŸ“Š Airdrop season coming! Make sure you're eligible for the big ones,https://twitter.com/koji_0709_/status/1000012,2026-01-10T21:31:32.148589,mock,100,112,34,"crypto,web3,token"
koji_0709__13_1770582692.151527,koji_0709_,ðŸš€ Web3 development is exploding right now. Building in this space is incredible,https://twitter.com/koji_0709_/status/1000013,2026-01-10T23:31:32.148589,mock,35,14,46,"crypto,web3,token"
koji_0709__14_1770582692.151531,koji_0709_,ðŸ’° Just caught a nice arbitrage on Polymarket. Markets never sleep! #Trading,https://twitter.com/koji_0709_/status/1000014,2026-01-11T01:31:32.148589,mock,152,141,25,"crypto,web3,token"
koji_0709__15_1770582692.151535,koji_0709_,ðŸ“Š Airdrop season coming! Make sure you're eligible for the big ones,https://twitter.com/koji_0709_/status/1000015,2026-01-11T03:31:32.148589,mock,272,97,47,"crypto,web3,token"
koji_0709__16_1770582692.151539,koji_0709_,ðŸš€ Web3 development is exploding right now. Building in this space is incredible,https://twitter.com/koji_0709_/status/1000016,2026-01-11T05:31:32.148589,mock,374,81,9,"crypto,web3,token"
koji_0709__17_1770582692.151543,koji_0709_,ðŸ’° Just caught a nice arbitrage on Polymarket. Markets never sleep! #Trading,https://twitter.com/koji_0709_/status/1000017,2026-01-11T07:31:32.148589,mock,496,14,32,"crypto,web3,token"
koji_0709__18_1770582692.151547,koji_0709_,ðŸ“Š Airdrop season coming! Make sure you're eligible for the big ones,https://twitter.com/koji_0709_/status/1000018,2026-01-11T09:31:32.148589,mock,221,104,6,"crypto,web3,token"
koji_0709__19_1770582692.151551,koji_0709_,ðŸš€ Web3 development is exploding right now. Building in this space is incredible,https://twitter.com/koji_0709_/status/1000019,2026-01-11T11:31:32.148589,mock,441,152,15,"crypto,web3,token"
EDCAMUSIC_0_1770582692.151555,EDCAMUSIC,ðŸ“Š Airdrop season coming! Make sure you're eligible for the big ones,https://twitter.com/EDCAMUSIC/status/1000000,2026-01-09T21:31:32.148589,mock,65,140,43,"crypto,web3,token"
EDCAMUSIC_1_1770582692.151559,EDCAMUSIC,ðŸš€ Web3 development is exploding right now. Building in this space is incredible,https://twitter.com/EDCAMUSIC/status/1000001,2026-01-09T23:31:32.148589,mock,495,147,47,"crypto,web3,token"
EDCAMUSIC_2_1770582692.151563,EDCAMUSIC,ðŸ’° Just caught a nice arbitrage on Polymarket. Markets never sleep! #Trading,https://twitter.com/EDCAMUSIC/status/1000002,2026-01-10T01:31:32.148589,mock,68,136,12,"crypto,web3,token"
EDCAMUSIC_3_1770582692.151567,EDCAMUSIC,ðŸ“Š Airdrop season coming! Make sure you're eligible for the big ones,https://twitter.com/EDCAMUSIC/status/1000003,2026-01-10T03:31:32.148589,mock,400,145,11,"crypto,web3,token"
EDCAMUSIC_4_1770582692.151571,EDCAMUSIC,ðŸš€ Web3 development is exploding right now. Building in this space is incredible,https://twitter.com/EDCAMUSIC/status/1000004,2026-01-10T05:31:32.148589,mock,59,87,13,"crypto,web3,token"
EDCAMUSIC_5_1770582692.151575,EDCAMUSIC,ðŸ’° Just caught a nice arbitrage on Polymarket. Markets never sleep! #Trading,https://twitter.com/EDCAMUSIC/status/1000005,2026-01-10T07:31:32.148589,mock,474,117,11,"crypto,web3,token"
EDCAMUSIC_6_1770582692.151579,EDCAMUSIC,ðŸ“Š Airdrop season coming! Make sure you're eligible for the big ones,https://twitter.com/EDCAMUSIC/status/1000006,2026-01-10T09:31:32.148589,mock,367,31,49,"crypto,web3,token"
EDCAMUSIC_7_1770582692.151582,EDCAMUSIC,ðŸš€ Web3 development is exploding right now. Building in this space is incredible,https://twitter.com/EDCAMUSIC/status/1000007,2026-01-10T11:31:32.148589,mock,310,52,25,"crypto,web3,token"
EDCAMUSIC_8_1770582692.151586,EDCAMUSIC,ðŸ’° Just caught a nice arbitrage on Polymarket. Markets never sleep! #Trading,https://twitter.com/EDCAMUSIC/status/1000008,2026-01-10T13:31:32.148589,mock,478,180,38,"crypto,web3,token"
EDCAMUSIC_9_1770582692.151591,EDCAMUSIC,ðŸ“Š Airdrop season coming! Make sure you're eligible for the big ones,https://twitter.com/EDCAMUSIC/status/1000009,2026-01-10T15:31:32.148589,mock,119,98,30,"crypto,web3,token"
EDCAMUSIC_10_1770582692.151594,EDCAMUSIC,ðŸš€ Web3 development is exploding right now. Building in this space is incredible,https://twitter.com/EDCAMUSIC/status/1000010,2026-01-10T17:31:32.148589,mock,238,136,19,"crypto,web3,token"
EDCAMUSIC_11_1770582692.151599,EDCAMUSIC,ðŸ’° Just caught a nice arbitrage on Polymarket. Markets never sleep! #Trading,https://twitter.com/EDCAMUSIC/status/1000011,2026-01-10T19:31:32.148589,mock,169,136,6,"crypto,web3,token"
EDCAMUSIC_12_1770582692.151602,EDCAMUSIC,ðŸ“Š Airdrop season coming! Make sure you're eligible for the big ones,https://twitter.com/EDCAMUSIC/status/1000012,2026-01-10T21:31:32.148589,mock,171,29,17,"crypto,web3,token"
EDCAMUSIC_13_1770582692.151606,EDCAMUSIC,ðŸš€ Web3 development is exploding right now. Building in this space is incredible,https://twitter.com/EDCAMUSIC/status/1000013,2026-01-10T23:31:32.148589,mock,181,177,29,"crypto,web3,token"
EDCAMUSIC_14_1770582692.151613,EDCAMUSIC,ðŸ’° Just caught a nice arbitrage on Polymarket. Markets never sleep! #Trading,https://twitter.com/EDCAMUSIC/status/1000014,2026-01-11T01:31:32.148589,mock,494,172,13,"crypto,web3,token"
EDCAMUSIC_15_1770582692.151617,EDCAMUSIC,ðŸ“Š Airdrop season coming! Make sure you're eligible for the big ones,https://twitter.com/EDCAMUSIC/status/1000015,2026-01-11T03:31:32.148589,mock,403,133,15,"crypto,web3,token"
EDCAMUSIC_16_1770582692.151621,EDCAMUSIC,ðŸš€ Web3 development is exploding right now. Building in this space is incredible,https://twitter.com/EDCAMUSIC/status/1000016,2026-01-11T05:31:32.148589,mock,385,167,13,"crypto,web3,token"
EDCAMUSIC_17_1770582692.151625,EDCAMUSIC,ðŸ’° Just caught a nice arbitrage on Polymarket. Markets never sleep! #Trading,https://twitter.com/EDCAMUSIC/status/1000017,2026-01-11T07:31:32.148589,mock,357,118,17,"crypto,web3,token"
EDCAMUSIC_18_1770582692.151629,EDCAMUSIC,ðŸ“Š Airdrop season coming! Make sure you're eligible for the big ones,https://twitter.com/EDCAMUSIC/status/1000018,2026-01-11T09:31:32.148589,mock,221,97,8,"crypto,web3,token"
EDCAMUSIC_19_1770582692.151633,EDCAMUSIC,ðŸš€ Web3 development is exploding right now. Building in this space is incredible,https://twitter.com/EDCAMUSIC/status/1000019,2026-01-11T11:31:32.148589,mock,293,109,30,"crypto,web3,token"
NishikiTakashi_0_1770582692.151637,NishikiTakashi,ðŸ“Š Airdrop season coming! Make sure you're eligible for the big ones,https://twitter.com/NishikiTakashi/status/1000000,2026-01-09T21:31:32.148589,mock,66,61,28,"crypto,web3,token"
NishikiTakashi_1_1770582692.151641,NishikiTakashi,ðŸš€ Web3 development is exploding right now. Building in this space is incredible,https://twitter.com/NishikiTakashi/status/1000001,2026-01-09T23:31:32.148589,mock,434,39,33,"crypto,web3,token"
NishikiTakashi_2_1770582692.151645,NishikiTakashi,ðŸ’° Just caught a nice arbitrage on Polymarket. Markets never sleep! #Trading,https://twitter.com/NishikiTakashi/status/1000002,2026-01-10T01:31:32.148589,mock,169,166,32,"crypto,web3,token"
NishikiTakashi_3_1770582692.151649,NishikiTakashi,ðŸ“Š Airdrop season coming! Make sure you're eligible for the big ones,https://twitter.com/NishikiTakashi/status/1000003,2026-01-10T03:31:32.148589,mock,436,25,15,"crypto,web3,token"
NishikiTakashi_4_1770582692.151653,NishikiTakashi,ðŸš€ Web3 development is exploding right now. Building in this space is incredible,https://twitter.com/NishikiTakashi/status/1000004,2026-01-10T05:31:32.148589,mock,277,170,27,"crypto,web3,token"
NishikiTakashi_5_1770582692.151657,NishikiTakashi,ðŸ’° Just caught a nice arbitrage on Polymarket. Markets never sleep! #Trading,https://twitter.com/NishikiTakashi/status/1000005,2026-01-10T07:31:32.148589,mock,316,16,48,"crypto,web3,token"
NishikiTakashi_6_1770582692.151661,NishikiTakashi,ðŸ“Š Airdrop season coming! Make sure you're eligible for the big ones,https://twitter.com/NishikiTakashi/status/1000006,2026-01-10T09:31:32.148589,mock,495,46,27,"crypto,web3,token"
NishikiTakashi_7_1770582692.151665,NishikiTakashi,ðŸš€ Web3 development is exploding right now. Building in this space is incredible,https://twitter.com/NishikiTakashi/status/1000007,2026-01-10T11:31:32.148589,mock,486,190,28,"crypto,web3,token"
NishikiTakashi_8_1770582692.151669,NishikiTakashi,ðŸ’° Just caught a nice arbitrage on Polymarket. Markets never sleep! #Trading,https://twitter.com/NishikiTakashi/status/1000008,2026-01-10T13:31:32.148589,mock,351,129,14,"crypto,web3,token"
NishikiTakashi_9_1770582692.151673,NishikiTakashi,ðŸ“Š Airdrop season coming! Make sure you're eligible for the big ones,https://twitter.com/NishikiTakashi/status/1000009,2026-01-10T15:31:32.148589,mock,145,65,44,"crypto,web3,token"
NishikiTakashi_10_1770582692.151677,NishikiTakashi,ðŸš€ Web3 development is exploding right now. Building in this space is incredible,https://twitter.com/NishikiTakashi/status/1000010,2026-01-10T17:31:32.148589,mock,64,192,7,"crypto,web3,token"
NishikiTakashi_11_1770582692.151681,NishikiTakashi,ðŸ’° Just caught a nice arbitrage on Polymarket. Markets never sleep! #Trading,https://twitter.com/NishikiTakashi/status/1000011,2026-01-10T19:31:32.148589,mock,363,33,45,"crypto,web3,token"
NishikiTakashi_12_1770582692.151685,NishikiTakashi,ðŸ“Š Airdrop season coming! Make sure you're eligible for the big ones,https://twitter.com/NishikiTakashi/status/1000012,2026-01-10T21:31:32.148589,mock,495,148,33,"crypto,web3,token"
NishikiTakashi_13_1770582692.15169,NishikiTakashi,ðŸš€ Web3 development is exploding right now. Building in this space is incredible,https://twitter.com/NishikiTakashi/status/1000013,2026-01-10T23:31:32.148589,mock,398,165,32,"crypto,web3,token"
NishikiTakashi_14_1770582692.151694,NishikiTakashi,ðŸ’° Just caught a nice arbitrage on Polymarket. Markets never sleep! #Trading,https://twitter.com/NishikiTakashi/status/1000014,2026-01-11T01:31:32.148589,mock,100,122,34,"crypto,web3,token"
NishikiTakashi_15_1770582692.151698,NishikiTakashi,ðŸ“Š Airdrop season coming! Make sure you're eligible for the big ones,https://twitter.com/NishikiTakashi/status/1000015,2026-01-11T03:31:32.148589,mock,253,94,9,"crypto,web3,token"
NishikiTakashi_16_1770582692.151701,NishikiTakashi,ðŸš€ Web3 development is exploding right now. Building in this space is incredible,https://twitter.com/NishikiTakashi/status/1000016,2026-01-11T05:31:32.148589,mock,376,77,10,"crypto,web3,token"
NishikiTakashi_17_1770582692.151705,NishikiTakashi,ðŸ’° Just caught a nice arbitrage on Polymarket. Markets never sleep! #Trading,https://twitter.com/NishikiTakashi/status/1000017,2026-01-11T07:31:32.148589,mock,14,135,29,"crypto,web3,token"
NishikiTakashi_18_1770582692.151709,NishikiTakashi,ðŸ“Š Airdrop season coming! Make sure you're eligible for the big ones,https://twitter.com/NishikiTakashi/status/1000018,2026-01-11T09:31:32.148589,mock,436,11,7,"crypto,web3,token"
NishikiTakashi_19_1770582692.151713,NishikiTakashi,ðŸš€ Web3 development is exploding right now. Building in this space is incredible,https://twitter.com/NishikiTakashi/status/1000019,2026-01-11T11:31:32.148589,mock,104,153,21,"crypto,web3,token"
acra_fibernft_0_1770582692.151717,acra_fibernft,ðŸ“Š Airdrop season coming! Make sure you're eligible for the big ones,https://twitter.com/acra_fibernft/status/1000000,2026-01-09T21:31:32.148589,mock,214,53,16,"crypto,web3,token"
acra_fibernft_1_1770582692.151721,acra_fibernft,ðŸš€ Web3 development is exploding right now. Building in this space is incredible,https://twitter.com/acra_fibernft/status/1000001,2026-01-09T23:31:32.148589,mock,90,27,17,"crypto,web3,token"
acra_fibernft_2_1770582692.151725,acra_fibernft,ðŸ’° Just caught a nice arbitrage on Polymarket. Markets never sleep! #Trading,https://twitter.com/acra_fibernft/status/1000002,2026-01-10T01:31:32.148589,mock,34,121,2,"crypto,web3,token"
acra_fibernft_3_1770582692.151729,acra_fibernft,ðŸ“Š Airdrop season coming! Make sure you're eligible for the big ones,https://twitter.com/acra_fibernft/status/1000003,2026-01-10T03:31:32.148589,mock,195,187,25,"crypto,web3,token"
acra_fibernft_4_1770582692.151734,acra_fibernft,ðŸš€ Web3 development is exploding right now. Building in this space is incredible,https://twitter.com/acra_fibernft/status/1000004,2026-01-10T05:31:32.148589,mock,95,63,17,"crypto,web3,token"
acra_fibernft_5_1770582692.151739,acra_fibernft,ðŸ’° Just caught a nice arbitrage on Polymarket. Markets never sleep! #Trading,https://twitter.com/acra_fibernft/status/1000005,2026-01-10T07:31:32.148589,mock,316,51,11,"crypto,web3,token"
acra_fibernft_6_1770582692.151743,acra_fibernft,ðŸ“Š Airdrop season coming! Make sure you're eligible for the big ones,https://twitter.com/acra_fibernft/status/1000006,2026-01-10T09:31:32.148589,mock,138,180,26,"crypto,web3,token"
acra_fibernft_7_1770582692.151746,acra_fibernft,ðŸš€ Web3 development is exploding right now. Building in this space is incredible,https://twitter.com/acra_fibernft/status/1000007,2026-01-10T11:31:32.148589,mock,65,172,24,"crypto,web3,token"
acra_fibernft_8_1770582692.15175,acra_fibernft,ðŸ’° Just caught a nice arbitrage on Polymarket. Markets never sleep! #Trading,https://twitter.com/acra_fibernft/status/1000008,2026-01-10T13:31:32.148589,mock,182,195,37,"crypto,web3,token"
acra_fibernft_9_1770582692.151754,acra_fibernft,ðŸ“Š Airdrop season coming! Make sure you're eligible for the big ones,https://twitter.com/acra_fibernft/status/1000009,2026-01-10T15:31:32.148589,mock,246,49,37,"crypto,web3,token"
acra_fibernft_10_1770582692.151758,acra_fibernft,ðŸš€ Web3 development is exploding right now. Building in this space is incredible,https://twitter.com/acra_fibernft/status/1000010,2026-01-10T17:31:32.148589,mock,441,174,9,"crypto,web3,token"
acra_fibernft_11_1770582692.151762,acra_fibernft,ðŸ’° Just caught a nice arbitrage on Polymarket. Markets never sleep! #Trading,https://twitter.com/acra_fibernft/status/1000011,2026-01-10T19:31:32.148589,mock,35,51,4,"crypto,web3,token"
acra_fibernft_12_1770582692.151766,acra_fibernft,ðŸ“Š Airdrop season coming! Make sure you're eligible for the big ones,https://twitter.com/acra_fibernft/status/1000012,2026-01-10T21:31:32.148589,mock,356,133,48,"crypto,web3,token"
acra_fibernft_13_1770582692.15177,acra_fibernft,ðŸš€ Web3 development is exploding right now. Building in this space is incredible,https://twitter.com/acra_fibernft/status/1000013,2026-01-10T23:31:32.148589,mock,103,78,31,"crypto,web3,token"
acra_fibernft_14_1770582692.151774,acra_fibernft,ðŸ’° Just caught a nice arbitrage on Polymarket. Markets never sleep! #Trading,https://twitter.com/acra_fibernft/status/1000014,2026-01-11T01:31:32.148589,mock,487,149,16,"crypto,web3,token"
acra_fibernft_15_1770582692.151778,acra_fibernft,ðŸ“Š Airdrop season coming! Make sure you're eligible for the big ones,https://twitter.com/acra_fibernft/status/1000015,2026-01-11T03:31:32.148589,mock,362,95,31,"crypto,web3,token"
acra_fibernft_16_1770582692.151782,acra_fibernft,ðŸš€ Web3 development is exploding right now. Building in this space is incredible,https://twitter.com/acra_fibernft/status/1000016,2026-01-11T05:31:32.148589,mock,47,116,44,"crypto,web3,token"
acra_fibernft_17_1770582692.151787,acra_fibernft,ðŸ’° Just caught a nice arbitrage on Polymarket. Markets never sleep! #Trading,https://twitter.com/acra_fibernft/status/1000017,2026-01-11T07:31:32.148589,mock,455,148,23,"crypto,web3,token"
acra_fibernft_18_1770582692.151791,acra_fibernft,ðŸ“Š Airdrop season coming! Make sure you're eligible for the big ones,https://twitter.com/acra_fibernft/status/1000018,2026-01-11T09:31:32.148589,mock,284,64,48,"crypto,web3,token"
acra_fibernft_19_1770582692.151795,acra_fibernft,ðŸš€ Web3 development is exploding right now. Building in this space is incredible,https://twitter.com/acra_fibernft/status/1000019,2026-01-11T11:31:32.148589,mock,439,182,28,"crypto,web3,token"
BloatyBloaty_0_1770582692.151799,BloatyBloaty,ðŸ“Š Airdrop season coming! Make sure you're eligible for the big ones,https://twitter.com/BloatyBloaty/status/1000000,2026-01-09T21:31:32.148589,mock,342,155,36,"crypto,web3,token"
BloatyBloaty_1_1770582692.151803,BloatyBloaty,ðŸš€ Web3 development is exploding right now. Building in this space is incredible,https://twitter.com/BloatyBloaty/status/1000001,2026-01-09T23:31:32.148589,mock,284,181,46,"crypto,web3,token"
BloatyBloaty_2_1770582692.151807,BloatyBloaty,ðŸ’° Just caught a nice arbitrage on Polymarket. Markets never sleep! #Trading,https://twitter.com/BloatyBloaty/status/1000002,2026-01-10T01:31:32.148589,mock,292,150,6,"crypto,web3,token"
BloatyBloaty_3_1770582692.151811,BloatyBloaty,ðŸ“Š Airdrop season coming! Make sure you're eligible for the big ones,https://twitter.com/BloatyBloaty/status/1000003,2026-01-10T03:31:32.148589,mock,15,154,6,"crypto,web3,token"
BloatyBloaty_4_1770582692.151815,BloatyBloaty,ðŸš€ Web3 development is exploding right now. Building in this space is incredible,https://twitter.com/BloatyBloaty/status/1000004,2026-01-10T05:31:32.148589,mock,471,76,15,"crypto,web3,token"
BloatyBloaty_5_1770582692.151819,BloatyBloaty,ðŸ’° Just caught a nice arbitrage on Polymarket. Markets never sleep! #Trading,https://twitter.com/BloatyBloaty/status/1000005,2026-01-10T07:31:32.148589,mock,82,182,37,"crypto,web3,token"
BloatyBloaty_6_1770582692.151823,BloatyBloaty,ðŸ“Š Airdrop season coming! Make sure you're eligible for the big ones,https://twitter.com/BloatyBloaty/status/1000006,2026-01-10T09:31:32.148589,mock,45,23,5,"crypto,web3,token"
BloatyBloaty_7_1770582692.151827,BloatyBloaty,ðŸš€ Web3 development is exploding right now. Building in this space is incredible,https://twitter.com/BloatyBloaty/status/1000007,2026-01-10T11:31:32.148589,mock,122,191,3,"crypto,web3,token"
BloatyBloaty_8_1770582692.151831,BloatyBloaty,ðŸ’° Just caught a nice arbitrage on Polymarket. Markets never sleep! #Trading,https://twitter.com/BloatyBloaty/status/1000008,2026-01-10T13:31:32.148589,mock,274,163,38,"crypto,web3,token"
BloatyBloaty_9_1770582692.151835,BloatyBloaty,ðŸ“Š Airdrop season coming! Make sure you're eligible for the big ones,https://twitter.com/BloatyBloaty/status/1000009,2026-01-10T15:31:32.148589,mock,447,5,36,"crypto,web3,token"
BloatyBloaty_10_1770582692.15184,BloatyBloaty,ðŸš€ Web3 development is exploding right now. Building in this space is incredible,https://twitter.com/BloatyBloaty/status/1000010,2026-01-10T17:31:32.148589,mock,446,170,14,"crypto,web3,token"
BloatyBloaty_11_1770582692.151844,BloatyBloaty,ðŸ’° Just caught a nice arbitrage on Polymarket. Markets never sleep! #Trading,https://twitter.com/BloatyBloaty/status/1000011,2026-01-10T19:31:32.148589,mock,481,153,30,"crypto,web3,token"
BloatyBloaty_12_1770582692.151848,BloatyBloaty,ðŸ“Š Airdrop season coming! Make sure you're eligible for the big ones,https://twitter.com/BloatyBloaty/status/1000012,2026-01-10T21:31:32.148589,mock,57,59,5,"crypto,web3,token"
BloatyBloaty_13_1770582692.151852,BloatyBloaty,ðŸš€ Web3 development is exploding right now. Building in this space is incredible,https://twitter.com/BloatyBloaty/status/1000013,2026-01-10T23:31:32.148589,mock,362,132,15,"crypto,web3,token"
BloatyBloaty_14_1770582692.151856,BloatyBloaty,ðŸ’° Just caught a nice arbitrage on Polymarket. Markets never sleep! #Trading,https://twitter.com/BloatyBloaty/status/1000014,2026-01-11T01:31:32.148589,mock,472,94,21,"crypto,web3,token"
BloatyBloaty_15_1770582692.15186,BloatyBloaty,ðŸ“Š Airdrop season coming! Make sure you're eligible for the big ones,https://twitter.com/BloatyBloaty/status/1000015,2026-01-11T03:31:32.148589,mock,175,127,13,"crypto,web3,token"
BloatyBloaty_16_1770582692.151864,BloatyBloaty,ðŸš€ Web3 development is exploding right now. Building in this space is incredible,https://twitter.com/BloatyBloaty/status/1000016,2026-01-11T05:31:32.148589,mock,271,59,23,"crypto,web3,token"
BloatyBloaty_17_1770582692.151868,BloatyBloaty,ðŸ’° Just caught a nice arbitrage on Polymarket. Markets never sleep! #Trading,https://twitter.com/BloatyBloaty/status/1000017,2026-01-11T07:31:32.148589,mock,324,12,9,"crypto,web3,token"
BloatyBloaty_18_1770582692.151872,BloatyBloaty,ðŸ“Š Airdrop season coming! Make sure you're eligible for the big ones,https://twitter.com/BloatyBloaty/status/1000018,2026-01-11T09:31:32.148589,mock,356,146,45,"crypto,web3,token"
BloatyBloaty_19_1770582692.151876,BloatyBloaty,ðŸš€ Web3 development is exploding right now. Building in this space is incredible,https://twitter.com/BloatyBloaty/status/1000019,2026-01-11T11:31:32.148589,mock,396,79,50,"crypto,web3,token"
FaustinPrieux_0_1770582692.15188,FaustinPrieux,ðŸ“Š Airdrop season coming! Make sure you're eligible for the big ones,https://twitter.com/FaustinPrieux/status/1000000,2026-01-09T21:31:32.148589,mock,173,185,5,"trading,long,short"
FaustinPrieux_1_1770582692.151884,FaustinPrieux,ðŸš€ Web3 development is exploding right now. Building in this space is incredible,https://twitter.com/FaustinPrieux/status/1000001,2026-01-09T23:31:32.148589,mock,50,106,24,"trading,long,short"
FaustinPrieux_2_1770582692.151888,FaustinPrieux,ðŸ’° Just caught a nice arbitrage on Polymarket. Markets never sleep! #Trading,https://twitter.com/FaustinPrieux/status/1000002,2026-01-10T01:31:32.148589,mock,297,74,48,"trading,long,short"
FaustinPrieux_3_1770582692.151892,FaustinPrieux,ðŸ“Š Airdrop season coming! Make sure you're eligible for the big ones,https://twitter.com/FaustinPrieux/status/1000003,2026-01-10T03:31:32.148589,mock,442,50,45,"trading,long,short"
FaustinPrieux_4_1770582692.151896,FaustinPrieux,ðŸš€ Web3 development is exploding right now. Building in this space is incredible,https://twitter.com/FaustinPrieux/status/1000004,2026-01-10T05:31:32.148589,mock,315,60,45,"trading,long,short"
FaustinPrieux_5_1770582692.151901,FaustinPrieux,ðŸ’° Just caught a nice arbitrage on Polymarket. Markets never sleep! #Trading,https://twitter.com/FaustinPrieux/status/1000005,2026-01-10T07:31:32.148589,mock,141,11,7,"trading,long,short"
FaustinPrieux_6_1770582692.151906,FaustinPrieux,ðŸ“Š Airdrop season coming! Make sure you're eligible for the big ones,https://twitter.com/FaustinPrieux/status/1000006,2026-01-10T09:31:32.148589,mock,415,104,4,"trading,long,short"
FaustinPrieux_7_1770582692.151909,FaustinPrieux,ðŸš€ Web3 development is exploding right now. Building in this space is incredible,https://twitter.com/FaustinPrieux/status/1000007,2026-01-10T11:31:32.148589,mock,256,123,40,"trading,long,short"
FaustinPrieux_8_1770582692.151913,FaustinPrieux,ðŸ’° Just caught a nice arbitrage on Polymarket. Markets never sleep! #Trading,https://twitter.com/FaustinPrieux/status/1000008,2026-01-10T13:31:32.148589,mock,476,170,33,"trading,long,short"
FaustinPrieux_9_1770582692.151917,FaustinPrieux,ðŸ“Š Airdrop season coming! Make sure you're eligible for the big ones,https://twitter.com/FaustinPrieux/status/1000009,2026-01-10T15:31:32.148589,mock,357,148,47,"trading,long,short"
FaustinPrieux_10_1770582692.151921,FaustinPrieux,ðŸš€ Web3 development is exploding right now. Building in this space is incredible,https://twitter.com/FaustinPrieux/status/1000010,2026-01-10T17:31:32.148589,mock,240,146,7,"trading,long,short"
FaustinPrieux_11_1770582692.151925,FaustinPrieux,ðŸ’° Just caught a nice arbitrage on Polymarket. Markets never sleep! #Trading,https://twitter.com/FaustinPrieux/status/1000011,2026-01-10T19:31:32.148589,mock,182,37,29,"trading,long,short"
FaustinPrieux_12_1770582692.151929,FaustinPrieux,ðŸ“Š Airdrop season coming! Make sure you're eligible for the big ones,https://twitter.com/FaustinPrieux/status/1000012,2026-01-10T21:31:32.148589,mock,395,172,28,"trading,long,short"
FaustinPrieux_13_1770582692.151933,FaustinPrieux,ðŸš€ Web3 development is exploding right now. Building in this space is incredible,https://twitter.com/FaustinPrieux/status/1000013,2026-01-10T23:31:32.148589,mock,13,99,30,"trading,long,short"
FaustinPrieux_14_1770582692.151937,FaustinPrieux,ðŸ’° Just caught a nice arbitrage on Polymarket. Markets never sleep! #Trading,https://twitter.com/FaustinPrieux/status/1000014,2026-01-11T01:31:32.148589,mock,182,29,24,"trading,long,short"
FaustinPrieux_15_1770582692.151941,FaustinPrieux,ðŸ“Š Airdrop season coming! Make sure you're eligible for the big ones,https://twitter.com/FaustinPrieux/status/1000015,2026-01-11T03:31:32.148589,mock,442,71,12,"trading,long,short"
FaustinPrieux_16_1770582692.151945,FaustinPrieux,ðŸš€ Web3 development is exploding right now. Building in this space is incredible,https://twitter.com/FaustinPrieux/status/1000016,2026-01-11T05:31:32.148589,mock,303,25,50,"trading,long,short"
FaustinPrieux_17_1770582692.151949,FaustinPrieux,ðŸ’° Just caught a nice arbitrage on Polymarket. Markets never sleep! #Trading,https://twitter.com/FaustinPrieux/status/1000017,2026-01-11T07:31:32.148589,mock,414,71,26,"trading,long,short"
FaustinPrieux_18_1770582692.151953,FaustinPrieux,ðŸ“Š Airdrop season coming! Make sure you're eligible for the big ones,https://twitter.com/FaustinPrieux/status/1000018,2026-01-11T09:31:32.148589,mock,135,21,38,"trading,long,short"
FaustinPrieux_19_1770582692.151957,FaustinPrieux,ðŸš€ Web3 development is exploding right now. Building in this space is incredible,https://twitter.com/FaustinPrieux/status/1000019,2026-01-11T11:31:32.148589,mock,277,141,30,"trading,long,short"
jocelyne4754_0_1770582692.151962,jocelyne4754,ðŸ“Š Airdrop season coming! Make sure you're eligible for the big ones,https://twitter.com/jocelyne4754/status/1000000,2026-01-09T21:31:32.148589,mock,343,101,46,"crypto,web3,token"
jocelyne4754_1_1770582692.151966,jocelyne4754,ðŸš€ Web3 development is exploding right now. Building in this space is incredible,https://twitter.com/jocelyne4754/status/1000001,2026-01-09T23:31:32.148589,mock,158,38,50,"crypto,web3,token"
jocelyne4754_2_1770582692.15197,jocelyne4754,ðŸ’° Just caught a nice arbitrage on Polymarket. Markets never sleep! #Trading,https://twitter.com/jocelyne4754/status/1000002,2026-01-10T01:31:32.148589,mock,437,190,2,"crypto,web3,token"
jocelyne4754_3_1770582692.151974,jocelyne4754,ðŸ“Š Airdrop season coming! Make sure you're eligible for the big ones,https://twitter.com/jocelyne4754/status/1000003,2026-01-10T03:31:32.148589,mock,32,48,13,"crypto,web3,token"
jocelyne4754_4_1770582692.151978,jocelyne4754,ðŸš€ Web3 development is exploding right now. Building in this space is incredible,https://twitter.com/jocelyne4754/status/1000004,2026-01-10T05:31:32.148589,mock,279,137,13,"crypto,web3,token"
jocelyne4754_5_1770582692.151982,jocelyne4754,ðŸ’° Just caught a nice arbitrage on Polymarket. Markets never sleep! #Trading,https://twitter.com/jocelyne4754/status/1000005,2026-01-10T07:31:32.148589,mock,88,75,37,"crypto,web3,token"
jocelyne4754_6_1770582692.151986,jocelyne4754,ðŸ“Š Airdrop season coming! Make sure you're eligible for the big ones,https://twitter.com/jocelyne4754/status/1000006,2026-01-10T09:31:32.148589,mock,14,18,34,"crypto,web3,token"
jocelyne4754_7_1770582692.15199,jocelyne4754,ðŸš€ Web3 development is exploding right now. Building in this space is incredible,https://twitter.com/jocelyne4754/status/1000007,2026-01-10T11:31:32.148589,mock,321,32,10,"crypto,web3,token"
jocelyne4754_8_1770582692.151994,jocelyne4754,ðŸ’° Just caught a nice arbitrage on Polymarket. Markets never sleep! #Trading,https://twitter.com/jocelyne4754/status/1000008,2026-01-10T13:31:32.148589,mock,327,134,33,"crypto,web3,token"
jocelyne4754_9_1770582692.151998,jocelyne4754,ðŸ“Š Airdrop season coming! Make sure you're eligible for the big ones,https://twitter.com/jocelyne4754/status/1000009,2026-01-10T15:31:32.148589,mock,393,148,42,"crypto,web3,token"
jocelyne4754_10_1770582692.152002,jocelyne4754,ðŸš€ Web3 development is exploding right now. Building in this space is incredible,https://twitter.com/jocelyne4754/status/1000010,2026-01-10T17:31:32.148589,mock,466,77,41,"crypto,web3,token"
jocelyne4754_11_1770582692.152007,jocelyne4754,ðŸ’° Just caught a nice arbitrage on Polymarket. Markets never sleep! #Trading,https://twitter.com/jocelyne4754/status/1000011,2026-01-10T19:31:32.148589,mock,454,172,48,"crypto,web3,token"
jocelyne4754_12_1770582692.152011,jocelyne4754,ðŸ“Š Airdrop season coming! Make sure you're eligible for the big ones,https://twitter.com/jocelyne4754/status/1000012,2026-01-10T21:31:32.148589,mock,18,200,39,"crypto,web3,token"
jocelyne4754_13_1770582692.152015,jocelyne4754,ðŸš€ Web3 development is exploding right now. Building in this space is incredible,https://twitter.com/jocelyne4754/status/1000013,2026-01-10T23:31:32.148589,mock,231,8,35,"crypto,web3,token"
jocelyne4754_14_1770582692.152019,jocelyne4754,ðŸ’° Just caught a nice arbitrage on Polymarket. Markets never sleep! #Trading,https://twitter.com/jocelyne4754/status/1000014,2026-01-11T01:31:32.148589,mock,476,83,43,"crypto,web3,token"
jocelyne4754_15_1770582692.152023,jocelyne4754,ðŸ“Š Airdrop season coming! Make sure you're eligible for the big ones,https://twitter.com/jocelyne4754/status/1000015,2026-01-11T03:31:32.148589,mock,459,81,3,"crypto,web3,token"
jocelyne4754_16_1770582692.152027,jocelyne4754,ðŸš€ Web3 development is exploding right now. Building in this space is incredible,https://twitter.com/jocelyne4754/status/1000016,2026-01-11T05:31:32.148589,mock,198,149,14,"crypto,web3,token"
jocelyne4754_17_1770582692.152031,jocelyne4754,ðŸ’° Just caught a nice arbitrage on Polymarket. Markets never sleep! #Trading,https://twitter.com/jocelyne4754/status/1000017,2026-01-11T07:31:32.148589,mock,63,23,37,"crypto,web3,token"
jocelyne4754_18_1770582692.152035,jocelyne4754,ðŸ“Š Airdrop season coming! Make sure you're eligible for the big ones,https://twitter.com/jocelyne4754/status/1000018,2026-01-11T09:31:32.148589,mock,354,172,45,"crypto,web3,token"
jocelyne4754_19_1770582692.152039,jocelyne4754,ðŸš€ Web3 development is exploding right now. Building in this space is incredible,https://twitter.com/jocelyne4754/status/1000019,2026-01-11T11:31:32.148589,mock,42,35,3,"crypto,web3,token"
klendhaar_0_1770582692.152043,klendhaar,ðŸ“Š Airdrop season coming! Make sure you're eligible for the big ones,https://twitter.com/klendhaar/status/1000000,2026-01-09T21:31:32.148589,mock,465,113,2,"crypto,web3,token"
klendhaar_1_1770582692.152047,klendhaar,ðŸš€ Web3 development is exploding right now. Building in this space is incredible,https://twitter.com/klendhaar/status/1000001,2026-01-09T23:31:32.148589,mock,29,22,32,"crypto,web3,token"
klendhaar_2_1770582692.152051,klendhaar,ðŸ’° Just caught a nice arbitrage on Polymarket. Markets never sleep! #Trading,https://twitter.com/klendhaar/status/1000002,2026-01-10T01:31:32.148589,mock,363,103,29,"crypto,web3,token"
klendhaar_3_1770582692.152055,klendhaar,ðŸ“Š Airdrop season coming! Make sure you're eligible for the big ones,https://twitter.com/klendhaar/status/1000003,2026-01-10T03:31:32.148589,mock,367,84,39,"crypto,web3,token"
klendhaar_4_1770582692.152059,klendhaar,ðŸš€ Web3 development is exploding right now. Building in this space is incredible,https://twitter.com/klendhaar/status/1000004,2026-01-10T05:31:32.148589,mock,375,163,14,"crypto,web3,token"
klendhaar_5_1770582692.152063,klendhaar,ðŸ’° Just caught a nice arbitrage on Polymarket. Markets never sleep! #Trading,https://twitter.com/klendhaar/status/1000005,2026-01-10T07:31:32.148589,mock,390,48,49,"crypto,web3,token"
klendhaar_6_1770582692.152067,klendhaar,ðŸ“Š Airdrop season coming! Make sure you're eligible for the big ones,https://twitter.com/klendhaar/status/1000006,2026-01-10T09:31:32.148589,mock,128,151,14,"crypto,web3,token"
klendhaar_7_1770582692.152071,klendhaar,ðŸš€ Web3 development is exploding right now. Building in this space is incredible,https://twitter.com/klendhaar/status/1000007,2026-01-10T11:31:32.148589,mock,379,17,8,"crypto,web3,token"
klendhaar_8_1770582692.152075,klendhaar,ðŸ’° Just caught a nice arbitrage on Polymarket. Markets never sleep! #Trading,https://twitter.com/klendhaar/status/1000008,2026-01-10T13:31:32.148589,mock,24,152,30,"crypto,web3,token"
klendhaar_9_1770582692.152079,klendhaar,ðŸ“Š Airdrop season coming! Make sure you're eligible for the big ones,https://twitter.com/klendhaar/status/1000009,2026-01-10T15:31:32.148589,mock,383,101,37,"crypto,web3,token"
klendhaar_10_1770582692.152083,klendhaar,ðŸš€ Web3 development is exploding right now. Building in this space is incredible,https://twitter.com/klendhaar/status/1000010,2026-01-10T17:31:32.148589,mock,426,143,36,"crypto,web3,token"
klendhaar_11_1770582692.152087,klendhaar,ðŸ’° Just caught a nice arbitrage on Polymarket. Markets never sleep! #Trading,https://twitter.com/klendhaar/status/1000011,2026-01-10T19:31:32.148589,mock,69,122,29,"crypto,web3,token"
klendhaar_12_1770582692.152091,klendhaar,ðŸ“Š Airdrop season coming! Make sure you're eligible for the big ones,https://twitter.com/klendhaar/status/1000012,2026-01-10T21:31:32.148589,mock,185,28,38,"crypto,web3,token"
klendhaar_13_1770582692.152095,klendhaar,ðŸš€ Web3 development is exploding right now. Building in this space is incredible,https://twitter.com/klendhaar/status/1000013,2026-01-10T23:31:32.148589,mock,124,98,50,"crypto,web3,token"
klendhaar_14_1770582692.152099,klendhaar,ðŸ’° Just caught a nice arbitrage on Polymarket. Markets never sleep! #Trading,https://twitter.com/klendhaar/status/1000014,2026-01-11T01:31:32.148589,mock,190,96,41,"crypto,web3,token"
klendhaar_15_1770582692.152104,klendhaar,ðŸ“Š Airdrop season coming! Make sure you're eligible for the big ones,https://twitter.com/klendhaar/status/1000015,2026-01-11T03:31:32.148589,mock,473,54,43,"crypto,web3,token"
klendhaar_16_1770582692.152108,klendhaar,ðŸš€ Web3 development is exploding right now. Building in this space is incredible,https://twitter.com/klendhaar/status/1000016,2026-01-11T05:31:32.148589,mock,278,104,31,"crypto,web3,token"
klendhaar_17_1770582692.152112,klendhaar,ðŸ’° Just caught a nice arbitrage on Polymarket. Markets never sleep! #Trading,https://twitter.com/klendhaar/status/1000017,2026-01-11T07:31:32.148589,mock,422,114,5,"crypto,web3,token"
klendhaar_18_1770582692.152116,klendhaar,ðŸ“Š Airdrop season coming! Make sure you're eligible for the big ones,https://twitter.com/klendhaar/status/1000018,2026-01-11T09:31:32.148589,mock,102,138,5,"crypto,web3,token"
klendhaar_19_1770582692.15212,klendhaar,ðŸš€ Web3 development is exploding right now. Building in this space is incredible,https://twitter.com/klendhaar/status/1000019,2026-01-11T11:31:32.148589,mock,175,160,42,"crypto,web3,token"
sqwee02_0_1770582692.152124,sqwee02,ðŸ“Š Airdrop season coming! Make sure you're eligible for the big ones,https://twitter.com/sqwee02/status/1000000,2026-01-09T21:31:32.148589,mock,388,189,37,"crypto,web3,token"
sqwee02_1_1770582692.152128,sqwee02,ðŸš€ Web3 development is exploding right now. Building in this space is incredible,https://twitter.com/sqwee02/status/1000001,2026-01-09T23:31:32.148589,mock,381,145,23,"crypto,web3,token"
sqwee02_2_1770582692.152132,sqwee02,ðŸ’° Just caught a nice arbitrage on Polymarket. Markets never sleep! #Trading,https://twitter.com/sqwee02/status/1000002,2026-01-10T01:31:32.148589,mock,12,176,29,"crypto,web3,token"
sqwee02_3_1770582692.152136,sqwee02,ðŸ“Š Airdrop season coming! Make sure you're eligible for the big ones,https://twitter.com/sqwee02/status/1000003,2026-01-10T03:31:32.148589,mock,337,117,15,"crypto,web3,token"
sqwee02_4_1770582692.15214,sqwee02,ðŸš€ Web3 development is exploding right now. Building in this space is incredible,https://twitter.com/sqwee02/status/1000004,2026-01-10T05:31:32.148589,mock,306,61,26,"crypto,web3,token"
sqwee02_5_1770582692.152144,sqwee02,ðŸ’° Just caught a nice arbitrage on Polymarket. Markets never sleep! #Trading,https://twitter.com/sqwee02/status/1000005,2026-01-10T07:31:32.148589,mock,447,133,3,"crypto,web3,token"
sqwee02_6_1770582692.152148,sqwee02,ðŸ“Š Airdrop season coming! Make sure you're eligible for the big ones,https://twitter.com/sqwee02/status/1000006,2026-01-10T09:31:32.148589,mock,459,177,12,"crypto,web3,token"
sqwee02_7_1770582692.152152,sqwee02,ðŸš€ Web3 development is exploding right now. Building in this space is incredible,https://twitter.com/sqwee02/status/1000007,2026-01-10T11:31:32.148589,mock,233,185,30,"crypto,web3,token"
sqwee02_8_1770582692.152157,sqwee02,ðŸ’° Just caught a nice arbitrage on Polymarket. Markets never sleep! #Trading,https://twitter.com/sqwee02/status/1000008,2026-01-10T13:31:32.148589,mock,147,11,24,"crypto,web3,token"
sqwee02_9_1770582692.152161,sqwee02,ðŸ“Š Airdrop season coming! Make sure you're eligible for the big ones,https://twitter.com/sqwee02/status/1000009,2026-01-10T15:31:32.148589,mock,387,169,11,"crypto,web3,token"
sqwee02_10_1770582692.152165,sqwee02,ðŸš€ Web3 development is exploding right now. Building in this space is incredible,https://twitter.com/sqwee02/status/1000010,2026-01-10T17:31:32.148589,mock,439,57,49,"crypto,web3,token"
sqwee02_11_1770582692.152169,sqwee02,ðŸ’° Just caught a nice arbitrage on Polymarket. Markets never sleep! #Trading,https://twitter.com/sqwee02/status/1000011,2026-01-10T19:31:32.148589,mock,462,29,33,"crypto,web3,token"
sqwee02_12_1770582692.152173,sqwee02,ðŸ“Š Airdrop season coming! Make sure you're eligible for the big ones,https://twitter.com/sqwee02/status/1000012,2026-01-10T21:31:32.148589,mock,247,114,9,"crypto,web3,token"
sqwee02_13_1770582692.152177,sqwee02,ðŸš€ Web3 development is exploding right now. Building in this space is incredible,https://twitter.com/sqwee02/status/1000013,2026-01-10T23:31:32.148589,mock,419,29,47,"crypto,web3,token"
sqwee02_14_1770582692.152181,sqwee02,ðŸ’° Just caught a nice arbitrage on Polymarket. Markets never sleep! #Trading,https://twitter.com/sqwee02/status/1000014,2026-01-11T01:31:32.148589,mock,234,191,12,"crypto,web3,token"
sqwee02_15_1770582692.152185,sqwee02,ðŸ“Š Airdrop season coming! Make sure you're eligible for the big ones,https://twitter.com/sqwee02/status/1000015,2026-01-11T03:31:32.148589,mock,270,83,40,"crypto,web3,token"
sqwee02_16_1770582692.152189,sqwee02,ðŸš€ Web3 development is exploding right now. Building in this space is incredible,https://twitter.com/sqwee02/status/1000016,2026-01-11T05:31:32.148589,mock,33,189,26,"crypto,web3,token"
sqwee02_17_1770582692.152193,sqwee02,ðŸ’° Just caught a nice arbitrage on Polymarket. Markets never sleep! #Trading,https://twitter.com/sqwee02/status/1000017,2026-01-11T07:31:32.148589,mock,304,15,13,"crypto,web3,token"
sqwee02_18_1770582692.152197,sqwee02,ðŸ“Š Airdrop season coming! Make sure you're eligible for the big ones,https://twitter.com/sqwee02/status/1000018,2026-01-11T09:31:32.148589,mock,126,155,19,"crypto,web3,token"
sqwee02_19_1770582692.152201,sqwee02,ðŸš€ Web3 development is exploding right now. Building in this space is incredible,https://twitter.com/sqwee02/status/1000019,2026-01-11T11:31:32.148589,mock,484,53,37,"crypto,web3,token"
Irma68513_0_1770582692.152205,Irma68513,ðŸ“Š Airdrop season coming! Make sure you're eligible for the big ones,https://twitter.com/Irma68513/status/1000000,2026-01-09T21:31:32.148589,mock,454,121,15,"crypto,web3,token"
Irma68513_1_1770582692.152209,Irma68513,ðŸš€ Web3 development is exploding right now. Building in this space is incredible,https://twitter.com/Irma68513/status/1000001,2026-01-09T23:31:32.148589,mock,207,198,35,"crypto,web3,token"
Irma68513_2_1770582692.152213,Irma68513,ðŸ’° Just caught a nice arbitrage on Polymarket. Markets never sleep! #Trading,https://twitter.com/Irma68513/status/1000002,2026-01-10T01:31:32.148589,mock,422,54,2,"crypto,web3,token"
Irma68513_3_1770582692.152217,Irma68513,ðŸ“Š Airdrop season coming! Make sure you're eligible for the big ones,https://twitter.com/Irma68513/status/1000003,2026-01-10T03:31:32.148589,mock,194,15,5,"crypto,web3,token"
Irma68513_4_1770582692.152221,Irma68513,ðŸš€ Web3 development is exploding right now. Building in this space is incredible,https://twitter.com/Irma68513/status/1000004,2026-01-10T05:31:32.148589,mock,293,157,44,"crypto,web3,token"
Irma68513_5_1770582692.152225,Irma68513,ðŸ’° Just caught a nice arbitrage on Polymarket. Markets never sleep! #Trading,https://twitter.com/Irma68513/status/1000005,2026-01-10T07:31:32.148589,mock,21,6,43,"crypto,web3,token"
Irma68513_6_1770582692.152229,Irma68513,ðŸ“Š Airdrop season coming! Make sure you're eligible for the big ones,https://twitter.com/Irma68513/status/1000006,2026-01-10T09:31:32.148589,mock,147,122,16,"crypto,web3,token"
Irma68513_7_1770582692.152233,Irma68513,ðŸš€ Web3 development is exploding right now. Building in this space is incredible,https://twitter.com/Irma68513/status/1000007,2026-01-10T11:31:32.148589,mock,497,188,50,"crypto,web3,token"
Irma68513_8_1770582692.152237,Irma68513,ðŸ’° Just caught a nice arbitrage on Polymarket. Markets never sleep! #Trading,https://twitter.com/Irma68513/status/1000008,2026-01-10T13:31:32.148589,mock,161,11,30,"crypto,web3,token"
Irma68513_9_1770582692.152242,Irma68513,ðŸ“Š Airdrop season coming! Make sure you're eligible for the big ones,https://twitter.com/Irma68513/status/1000009,2026-01-10T15:31:32.148589,mock,291,56,7,"crypto,web3,token"
Irma68513_10_1770582692.152245,Irma68513,ðŸš€ Web3 development is exploding right now. Building in this space is incredible,https://twitter.com/Irma68513/status/1000010,2026-01-10T17:31:32.148589,mock,374,138,11,"crypto,web3,token"
Irma68513_11_1770582692.15225,Irma68513,ðŸ’° Just caught a nice arbitrage on Polymarket. Markets never sleep! #Trading,https://twitter.com/Irma68513/status/1000011,2026-01-10T19:31:32.148589,mock,394,159,17,"crypto,web3,token"
Irma68513_12_1770582692.152253,Irma68513,ðŸ“Š Airdrop season coming! Make sure you're eligible for the big ones,https://twitter.com/Irma68513/status/1000012,2026-01-10T21:31:32.148589,mock,380,131,32,"crypto,web3,token"
Irma68513_13_1770582692.152257,Irma68513,ðŸš€ Web3 development is exploding right now. Building in this space is incredible,https://twitter.com/Irma68513/status/1000013,2026-01-10T23:31:32.148589,mock,492,30,33,"crypto,web3,token"
Irma68513_14_1770582692.152261,Irma68513,ðŸ’° Just caught a nice arbitrage on Polymarket. Markets never sleep! #Trading,https://twitter.com/Irma68513/status/1000014,2026-01-11T01:31:32.148589,mock,176,30,5,"crypto,web3,token"
Irma68513_15_1770582692.152265,Irma68513,ðŸ“Š Airdrop season coming! Make sure you're eligible for the big ones,https://twitter.com/Irma68513/status/1000015,2026-01-11T03:31:32.148589,mock,346,134,2,"crypto,web3,token"
Irma68513_16_1770582692.152269,Irma68513,ðŸš€ Web3 development is exploding right now. Building in this space is incredible,https://twitter.com/Irma68513/status/1000016,2026-01-11T05:31:32.148589,mock,490,72,15,"crypto,web3,token"
Irma68513_17_1770582692.152275,Irma68513,ðŸ’° Just caught a nice arbitrage on Polymarket. Markets never sleep! #Trading,https://twitter.com/Irma68513/status/1000017,2026-01-11T07:31:32.148589,mock,119,31,18,"crypto,web3,token"
Irma68513_18_1770582692.152279,Irma68513,ðŸ“Š Airdrop season coming! Make sure you're eligible for the big ones,https://twitter.com/Irma68513/status/1000018,2026-01-11T09:31:32.148589,mock,425,23,2,"crypto,web3,token"
Irma68513_19_1770582692.152283,Irma68513,ðŸš€ Web3 development is exploding right now. Building in this space is incredible,https://twitter.com/Irma68513/status/1000019,2026-01-11T11:31:32.148589,mock,129,174,9,"crypto,web3,token"
damebaev_0_1770582692.152287,damebaev,ðŸ“Š Airdrop season coming! Make sure you're eligible for the big ones,https://twitter.com/damebaev/status/1000000,2026-01-09T21:31:32.148589,mock,76,46,15,"crypto,web3,token"
damebaev_1_1770582692.152291,damebaev,ðŸš€ Web3 development is exploding right now. Building in this space is incredible,https://twitter.com/damebaev/status/1000001,2026-01-09T23:31:32.148589,mock,25,65,10,"crypto,web3,token"
damebaev_2_1770582692.152295,damebaev,ðŸ’° Just caught a nice arbitrage on Polymarket. Markets never sleep! #Trading,https://twitter.com/damebaev/status/1000002,2026-01-10T01:31:32.148589,mock,111,76,44,"crypto,web3,token"
damebaev_3_1770582692.152299,damebaev,ðŸ“Š Airdrop season coming! Make sure you're eligible for the big ones,https://twitter.com/damebaev/status/1000003,2026-01-10T03:31:32.148589,mock,431,198,36,"crypto,web3,token"
damebaev_4_1770582692.152303,damebaev,ðŸš€ Web3 development is exploding right now. Building in this space is incredible,https://twitter.com/damebaev/status/1000004,2026-01-10T05:31:32.148589,mock,72,22,14,"crypto,web3,token"
damebaev_5_1770582692.152307,damebaev,ðŸ’° Just caught a nice arbitrage on Polymarket. Markets never sleep! #Trading,https://twitter.com/damebaev/status/1000005,2026-01-10T07:31:32.148589,mock,461,50,45,"crypto,web3,token"
damebaev_6_1770582692.15231,damebaev,ðŸ“Š Airdrop season coming! Make sure you're eligible for the big ones,https://twitter.com/damebaev/status/1000006,2026-01-10T09:31:32.148589,mock,445,15,15,"crypto,web3,token"
damebaev_7_1770582692.152314,damebaev,ðŸš€ Web3 development is exploding right now. Building in this space is incredible,https://twitter.com/damebaev/status/1000007,2026-01-10T11:31:32.148589,mock,266,125,21,"crypto,web3,token"
damebaev_8_1770582692.152318,damebaev,ðŸ’° Just caught a nice arbitrage on Polymarket. Markets never sleep! #Trading,https://twitter.com/damebaev/status/1000008,2026-01-10T13:31:32.148589,mock,190,184,3,"crypto,web3,token"
damebaev_9_1770582692.152322,damebaev,ðŸ“Š Airdrop season coming! Make sure you're eligible for the big ones,https://twitter.com/damebaev/status/1000009,2026-01-10T15:31:32.148589,mock,87,170,12,"crypto,web3,token"
damebaev_10_1770582692.152326,damebaev,ðŸš€ Web3 development is exploding right now. Building in this space is incredible,https://twitter.com/damebaev/status/1000010,2026-01-10T17:31:32.148589,mock,72,192,37,"crypto,web3,token"
damebaev_11_1770582692.15233,damebaev,ðŸ’° Just caught a nice arbitrage on Polymarket. Markets never sleep! #Trading,https://twitter.com/damebaev/status/1000011,2026-01-10T19:31:32.148589,mock,271,116,38,"crypto,web3,token"
damebaev_12_1770582692.152334,damebaev,ðŸ“Š Airdrop season coming! Make sure you're eligible for the big ones,https://twitter.com/damebaev/status/1000012,2026-01-10T21:31:32.148589,mock,72,68,43,"crypto,web3,token"
damebaev_13_1770582692.152338,damebaev,ðŸš€ Web3 development is exploding right now. Building in this space is incredible,https://twitter.com/damebaev/status/1000013,2026-01-10T23:31:32.148589,mock,310,190,29,"crypto,web3,token"
damebaev_14_1770582692.152342,damebaev,ðŸ’° Just caught a nice arbitrage on Polymarket. Markets never sleep! #Trading,https://twitter.com/damebaev/status/1000014,2026-01-11T01:31:32.148589,mock,197,5,2,"crypto,web3,token"
damebaev_15_1770582692.152346,damebaev,ðŸ“Š Airdrop season coming! Make sure you're eligible for the big ones,https://twitter.com/damebaev/status/1000015,2026-01-11T03:31:32.148589,mock,197,156,36,"crypto,web3,token"
damebaev_16_1770582692.152352,damebaev,ðŸš€ Web3 development is exploding right now. Building in this space is incredible,https://twitter.com/damebaev/status/1000016,2026-01-11T05:31:32.148589,mock,438,139,31,"crypto,web3,token"
damebaev_17_1770582692.152356,damebaev,ðŸ’° Just caught a nice arbitrage on Polymarket. Markets never sleep! #Trading,https://twitter.com/damebaev/status/1000017,2026-01-11T07:31:32.148589,mock,207,190,26,"crypto,web3,token"
damebaev_18_1770582692.15236,damebaev,ðŸ“Š Airdrop season coming! Make sure you're eligible for the big ones,https://twitter.com/damebaev/status/1000018,2026-01-11T09:31:32.148589,mock,61,176,40,"crypto,web3,token"
damebaev_19_1770582692.152364,damebaev,ðŸš€ Web3 development is exploding right now. Building in this space is incredible,https://twitter.com/damebaev/status/1000019,2026-01-11T11:31:32.148589,mock,335,200,31,"crypto,web3,token"
Crypto_Anony_0_1770582692.152368,Crypto_Anony,ðŸ“Š Airdrop season coming! Make sure you're eligible for the big ones,https://twitter.com/Crypto_Anony/status/1000000,2026-01-09T21:31:32.148589,mock,238,147,20,"crypto,web3,token"
Crypto_Anony_1_1770582692.152372,Crypto_Anony,ðŸš€ Web3 development is exploding right now. Building in this space is incredible,https://twitter.com/Crypto_Anony/status/1000001,2026-01-09T23:31:32.148589,mock,305,178,9,"crypto,web3,token"
Crypto_Anony_2_1770582692.152377,Crypto_Anony,ðŸ’° Just caught a nice arbitrage on Polymarket. Markets never sleep! #Trading,https://twitter.com/Crypto_Anony/status/1000002,2026-01-10T01:31:32.148589,mock,229,31,22,"crypto,web3,token"
Crypto_Anony_3_1770582692.152381,Crypto_Anony,ðŸ“Š Airdrop season coming! Make sure you're eligible for the big ones,https://twitter.com/Crypto_Anony/status/1000003,2026-01-10T03:31:32.148589,mock,148,9,37,"crypto,web3,token"
Crypto_Anony_4_1770582692.152385,Crypto_Anony,ðŸš€ Web3 development is exploding right now. Building in this space is incredible,https://twitter.com/Crypto_Anony/status/1000004,2026-01-10T05:31:32.148589,mock,230,153,12,"crypto,web3,token"
Crypto_Anony_5_1770582692.152389,Crypto_Anony,ðŸ’° Just caught a nice arbitrage on Polymarket. Markets never sleep! #Trading,https://twitter.com/Crypto_Anony/status/1000005,2026-01-10T07:31:32.148589,mock,472,29,38,"crypto,web3,token"
Crypto_Anony_6_1770582692.152393,Crypto_Anony,ðŸ“Š Airdrop season coming! Make sure you're eligible for the big ones,https://twitter.com/Crypto_Anony/status/1000006,2026-01-10T09:31:32.148589,mock,244,112,22,"crypto,web3,token"
Crypto_Anony_7_1770582692.152397,Crypto_Anony,ðŸš€ Web3 development is exploding right now. Building in this space is incredible,https://twitter.com/Crypto_Anony/status/1000007,2026-01-10T11:31:32.148589,mock,56,88,18,"crypto,web3,token"
Crypto_Anony_8_1770582692.152401,Crypto_Anony,ðŸ’° Just caught a nice arbitrage on Polymarket. Markets never sleep! #Trading,https://twitter.com/Crypto_Anony/status/1000008,2026-01-10T13:31:32.148589,mock,493,195,18,"crypto,web3,token"
Crypto_Anony_9_1770582692.152404,Crypto_Anony,ðŸ“Š Airdrop season coming! Make sure you're eligible for the big ones,https://twitter.com/Crypto_Anony/status/1000009,2026-01-10T15:31:32.148589,mock,272,52,43,"crypto,web3,token"
Crypto_Anony_10_1770582692.152408,Crypto_Anony,ðŸš€ Web3 development is exploding right now. Building in this space is incredible,https://twitter.com/Crypto_Anony/status/1000010,2026-01-10T17:31:32.148589,mock,260,132,2,"crypto,web3,token"
Crypto_Anony_11_1770582692.152412,Crypto_Anony,ðŸ’° Just caught a nice arbitrage on Polymarket. Markets never sleep! #Trading,https://twitter.com/Crypto_Anony/status/1000011,2026-01-10T19:31:32.148589,mock,493,158,6,"crypto,web3,token"
Crypto_Anony_12_1770582692.152416,Crypto_Anony,ðŸ“Š Airdrop season coming! Make sure you're eligible for the big ones,https://twitter.com/Crypto_Anony/status/1000012,2026-01-10T21:31:32.148589,mock,429,52,30,"crypto,web3,token"
Crypto_Anony_13_1770582692.15242,Crypto_Anony,ðŸš€ Web3 development is exploding right now. Building in this space is incredible,https://twitter.com/Crypto_Anony/status/1000013,2026-01-10T23:31:32.148589,mock,178,192,6,"crypto,web3,token"
Crypto_Anony_14_1770582692.152424,Crypto_Anony,ðŸ’° Just caught a nice arbitrage on Polymarket. Markets never sleep! #Trading,https://twitter.com/Crypto_Anony/status/1000014,2026-01-11T01:31:32.148589,mock,194,171,9,"crypto,web3,token"
Crypto_Anony_15_1770582692.15243,Crypto_Anony,ðŸ“Š Airdrop season coming! Make sure you're eligible for the big ones,https://twitter.com/Crypto_Anony/status/1000015,2026-01-11T03:31:32.148589,mock,329,193,16,"crypto,web3,token"
Crypto_Anony_16_1770582692.152434,Crypto_Anony,ðŸš€ Web3 development is exploding right now. Building in this space is incredible,https://twitter.com/Crypto_Anony/status/1000016,2026-01-11T05:31:32.148589,mock,163,178,16,"crypto,web3,token"
Crypto_Anony_17_1770582692.152438,Crypto_Anony,ðŸ’° Just caught a nice arbitrage on Polymarket. Markets never sleep! #Trading,https://twitter.com/Crypto_Anony/status/1000017,2026-01-11T07:31:32.148589,mock,350,175,29,"crypto,web3,token"
Crypto_Anony_18_1770582692.152441,Crypto_Anony,ðŸ“Š Airdrop season coming! Make sure you're eligible for the big ones,https://twitter.com/Crypto_Anony/status/1000018,2026-01-11T09:31:32.148589,mock,131,188,45,"crypto,web3,token"
Crypto_Anony_19_1770582692.152445,Crypto_Anony,ðŸš€ Web3 development is exploding right now. Building in this space is incredible,https://twitter.com/Crypto_Anony/status/1000019,2026-01-11T11:31:32.148589,mock,461,200,28,"crypto,web3,token"
FarmerNFT_Eth_0_1770582692.152449,FarmerNFT_Eth,ðŸ“Š Airdrop season coming! Make sure you're eligible for the big ones,https://twitter.com/FarmerNFT_Eth/status/1000000,2026-01-09T21:31:32.148589,mock,270,14,44,"crypto,web3,token"
FarmerNFT_Eth_1_1770582692.152453,FarmerNFT_Eth,ðŸš€ Web3 development is exploding right now. Building in this space is incredible,https://twitter.com/FarmerNFT_Eth/status/1000001,2026-01-09T23:31:32.148589,mock,23,92,45,"crypto,web3,token"
FarmerNFT_Eth_2_1770582692.152457,FarmerNFT_Eth,ðŸ’° Just caught a nice arbitrage on Polymarket. Markets never sleep! #Trading,https://twitter.com/FarmerNFT_Eth/status/1000002,2026-01-10T01:31:32.148589,mock,437,71,37,"crypto,web3,token"
FarmerNFT_Eth_3_1770582692.152461,FarmerNFT_Eth,ðŸ“Š Airdrop season coming! Make sure you're eligible for the big ones,https://twitter.com/FarmerNFT_Eth/status/1000003,2026-01-10T03:31:32.148589,mock,125,164,6,"crypto,web3,token"
FarmerNFT_Eth_4_1770582692.152465,FarmerNFT_Eth,ðŸš€ Web3 development is exploding right now. Building in this space is incredible,https://twitter.com/FarmerNFT_Eth/status/1000004,2026-01-10T05:31:32.148589,mock,349,187,48,"crypto,web3,token"
FarmerNFT_Eth_5_1770582692.152469,FarmerNFT_Eth,ðŸ’° Just caught a nice arbitrage on Polymarket. Markets never sleep! #Trading,https://twitter.com/FarmerNFT_Eth/status/1000005,2026-01-10T07:31:32.148589,mock,273,172,30,"crypto,web3,token"
FarmerNFT_Eth_6_1770582692.152473,FarmerNFT_Eth,ðŸ“Š Airdrop season coming! Make sure you're eligible for the big ones,https://twitter.com/FarmerNFT_Eth/status/1000006,2026-01-10T09:31:32.148589,mock,194,20,24,"crypto,web3,token"
FarmerNFT_Eth_7_1770582692.152476,FarmerNFT_Eth,ðŸš€ Web3 development is exploding right now. Building in this space is incredible,https://twitter.com/FarmerNFT_Eth/status/1000007,2026-01-10T11:31:32.148589,mock,389,125,19,"crypto,web3,token"
FarmerNFT_Eth_8_1770582692.15248,FarmerNFT_Eth,ðŸ’° Just caught a nice arbitrage on Polymarket. Markets never sleep! #Trading,https://twitter.com/FarmerNFT_Eth/status/1000008,2026-01-10T13:31:32.148589,mock,436,153,39,"crypto,web3,token"
FarmerNFT_Eth_9_1770582692.152484,FarmerNFT_Eth,ðŸ“Š Airdrop season coming! Make sure you're eligible for the big ones,https://twitter.com/FarmerNFT_Eth/status/1000009,2026-01-10T15:31:32.148589,mock,32,51,28,"crypto,web3,token"
FarmerNFT_Eth_10_1770582692.152488,FarmerNFT_Eth,ðŸš€ Web3 development is exploding right now. Building in this space is incredible,https://twitter.com/FarmerNFT_Eth/status/1000010,2026-01-10T17:31:32.148589,mock,269,27,22,"crypto,web3,token"
FarmerNFT_Eth_11_1770582692.152492,FarmerNFT_Eth,ðŸ’° Just caught a nice arbitrage on Polymarket. Markets never sleep! #Trading,https://twitter.com/FarmerNFT_Eth/status/1000011,2026-01-10T19:31:32.148589,mock,496,130,49,"crypto,web3,token"
FarmerNFT_Eth_12_1770582692.152496,FarmerNFT_Eth,ðŸ“Š Airdrop season coming! Make sure you're eligible for the big ones,https://twitter.com/FarmerNFT_Eth/status/1000012,2026-01-10T21:31:32.148589,mock,288,15,31,"crypto,web3,token"
FarmerNFT_Eth_13_1770582692.1525,FarmerNFT_Eth,ðŸš€ Web3 development is exploding right now. Building in this space is incredible,https://twitter.com/FarmerNFT_Eth/status/1000013,2026-01-10T23:31:32.148589,mock,116,131,15,"crypto,web3,token"
FarmerNFT_Eth_14_1770582692.152504,FarmerNFT_Eth,ðŸ’° Just caught a nice arbitrage on Polymarket. Markets never sleep! #Trading,https://twitter.com/FarmerNFT_Eth/status/1000014,2026-01-11T01:31:32.148589,mock,201,170,15,"crypto,web3,token"
FarmerNFT_Eth_15_1770582692.152508,FarmerNFT_Eth,ðŸ“Š Airdrop season coming! Make sure you're eligible for the big ones,https://twitter.com/FarmerNFT_Eth/status/1000015,2026-01-11T03:31:32.148589,mock,102,59,14,"crypto,web3,token"
FarmerNFT_Eth_16_1770582692.152512,FarmerNFT_Eth,ðŸš€ Web3 development is exploding right now. Building in this space is incredible,https://twitter.com/FarmerNFT_Eth/status/1000016,2026-01-11T05:31:32.148589,mock,130,155,4,"crypto,web3,token"
FarmerNFT_Eth_17_1770582692.152516,FarmerNFT_Eth,ðŸ’° Just caught a nice arbitrage on Polymarket. Markets never sleep! #Trading,https://twitter.com/FarmerNFT_Eth/status/1000017,2026-01-11T07:31:32.148589,mock,193,23,25,"crypto,web3,token"
FarmerNFT_Eth_18_1770582692.15252,FarmerNFT_Eth,ðŸ“Š Airdrop season coming! Make sure you're eligible for the big ones,https://twitter.com/FarmerNFT_Eth/status/1000018,2026-01-11T09:31:32.148589,mock,94,152,30,"crypto,web3,token"
FarmerNFT_Eth_19_1770582692.152524,FarmerNFT_Eth,ðŸš€ Web3 development is exploding right now. Building in this space is incredible,https://twitter.com/FarmerNFT_Eth/status/1000019,2026-01-11T11:31:32.148589,mock,458,79,19,"crypto,web3,token"
oliviafernaz_0_1770582692.152528,oliviafernaz,ðŸ“Š Airdrop season coming! Make sure you're eligible for the big ones,https://twitter.com/oliviafernaz/status/1000000,2026-01-09T21:31:32.148589,mock,411,127,48,"crypto,web3,token"
oliviafernaz_1_1770582692.152532,oliviafernaz,ðŸš€ Web3 development is exploding right now. Building in this space is incredible,https://twitter.com/oliviafernaz/status/1000001,2026-01-09T23:31:32.148589,mock,256,75,23,"crypto,web3,token"
oliviafernaz_2_1770582692.152536,oliviafernaz,ðŸ’° Just caught a nice arbitrage on Polymarket. Markets never sleep! #Trading,https://twitter.com/oliviafernaz/status/1000002,2026-01-10T01:31:32.148589,mock,265,155,42,"crypto,web3,token"
oliviafernaz_3_1770582692.15254,oliviafernaz,ðŸ“Š Airdrop season coming! Make sure you're eligible for the big ones,https://twitter.com/oliviafernaz/status/1000003,2026-01-10T03:31:32.148589,mock,291,150,19,"crypto,web3,token"
oliviafernaz_4_1770582692.152543,oliviafernaz,ðŸš€ Web3 development is exploding right now. Building in this space is incredible,https://twitter.com/oliviafernaz/status/1000004,2026-01-10T05:31:32.148589,mock,282,55,2,"crypto,web3,token"
oliviafernaz_5_1770582692.152547,oliviafernaz,ðŸ’° Just caught a nice arbitrage on Polymarket. Markets never sleep! #Trading,https://twitter.com/oliviafernaz/status/1000005,2026-01-10T07:31:32.148589,mock,326,144,35,"crypto,web3,token"
oliviafernaz_6_1770582692.152553,oliviafernaz,ðŸ“Š Airdrop season coming! Make sure you're eligible for the big ones,https://twitter.com/oliviafernaz/status/1000006,2026-01-10T09:31:32.148589,mock,339,101,2,"crypto,web3,token"
oliviafernaz_7_1770582692.152557,oliviafernaz,ðŸš€ Web3 development is exploding right now. Building in this space is incredible,https://twitter.com/oliviafernaz/status/1000007,2026-01-10T11:31:32.148589,mock,443,199,44,"crypto,web3,token"
oliviafernaz_8_1770582692.152561,oliviafernaz,ðŸ’° Just caught a nice arbitrage on Polymarket. Markets never sleep! #Trading,https://twitter.com/oliviafernaz/status/1000008,2026-01-10T13:31:32.148589,mock,288,88,30,"crypto,web3,token"
oliviafernaz_9_1770582692.152565,oliviafernaz,ðŸ“Š Airdrop season coming! Make sure you're eligible for the big ones,https://twitter.com/oliviafernaz/status/1000009,2026-01-10T15:31:32.148589,mock,41,92,47,"crypto,web3,token"
oliviafernaz_10_1770582692.152568,oliviafernaz,ðŸš€ Web3 development is exploding right now. Building in this space is incredible,https://twitter.com/oliviafernaz/status/1000010,2026-01-10T17:31:32.148589,mock,467,150,38,"crypto,web3,token"
oliviafernaz_11_1770582692.152572,oliviafernaz,ðŸ’° Just caught a nice arbitrage on Polymarket. Markets never sleep! #Trading,https://twitter.com/oliviafernaz/status/1000011,2026-01-10T19:31:32.148589,mock,343,46,4,"crypto,web3,token"
oliviafernaz_12_1770582692.152576,oliviafernaz,ðŸ“Š Airdrop season coming! Make sure you're eligible for the big ones,https://twitter.com/oliviafernaz/status/1000012,2026-01-10T21:31:32.148589,mock,62,193,25,"crypto,web3,token"
oliviafernaz_13_1770582692.15258,oliviafernaz,ðŸš€ Web3 development is exploding right now. Building in this space is incredible,https://twitter.com/oliviafernaz/status/1000013,2026-01-10T23:31:32.148589,mock,467,174,23,"crypto,web3,token"
oliviafernaz_14_1770582692.152584,oliviafernaz,ðŸ’° Just caught a nice arbitrage on Polymarket. Markets never sleep! #Trading,https://twitter.com/oliviafernaz/status/1000014,2026-01-11T01:31:32.148589,mock,287,93,16,"crypto,web3,token"
oliviafernaz_15_1770582692.152588,oliviafernaz,ðŸ“Š Airdrop season coming! Make sure you're eligible for the big ones,https://twitter.com/oliviafernaz/status/1000015,2026-01-11T03:31:32.148589,mock,169,101,49,"crypto,web3,token"
oliviafernaz_16_1770582692.152592,oliviafernaz,ðŸš€ Web3 development is exploding right now. Building in this space is incredible,https://twitter.com/oliviafernaz/status/1000016,2026-01-11T05:31:32.148589,mock,213,153,4,"crypto,web3,token"
oliviafernaz_17_1770582692.152596,oliviafernaz,ðŸ’° Just caught a nice arbitrage on Polymarket. Markets never sleep! #Trading,https://twitter.com/oliviafernaz/status/1000017,2026-01-11T07:31:32.148589,mock,106,146,50,"crypto,web3,token"
oliviafernaz_18_1770582692.152599,oliviafernaz,ðŸ“Š Airdrop season coming! Make sure you're eligible for the big ones,https://twitter.com/oliviafernaz/status/1000018,2026-01-11T09:31:32.148589,mock,312,164,37,"crypto,web3,token"
oliviafernaz_19_1770582692.152603,oliviafernaz,ðŸš€ Web3 development is exploding right now. Building in this space is incredible,https://twitter.com/oliviafernaz/status/1000019,2026-01-11T11:31:32.148589,mock,154,52,11,"crypto,web3,token"
